timestamp,signal_id,dom_order,growth_pct,growth_label,subscribers,rating,n_ratings,reliability_level,algo_pct,series_points,series_last
20111011093729,134,1,,,,,,,,,
20111011093729,335,2,,,,,,,,,
20111011093729,106,3,,,,,,,,,
20111011093729,361,4,,,,,,,,,
20111011093729,141,5,,,,,,,,,
20111011093729,328,6,,,,,,,,,
20111011093729,315,7,,,,,,,,,
20111011093729,149,8,,,,,,,,,
20111011093729,124,9,,,,,,,,,
20111011093729,191,10,,,,,,,,,
20111105235151,151,1,,,,,,,,,
20111105235151,376,2,,,,,,,,,
20111105235151,328,3,,,,,,,,,
20111105235151,258,4,,,,,,,,,
20111105235151,335,5,,,,,,,,,
20111105235151,191,6,,,,,,,,,
20111105235151,53,7,,,,,,,,,
20111105235151,384,8,,,,,,,,,
20111105235151,15,9,,,,,,,,,
20111105235151,279,10,,,,,,,,,
20111230085824,376,1,,,,,,,,,
20111230085824,191,2,,,,,,,,,
20111230085824,53,3,,,,,,,,,
20111230085824,258,4,,,,,,,,,
20111230085824,337,5,,,,,,,,,
20111230085824,328,6,,,,,,,,,
20111230085824,384,7,,,,,,,,,
20111230085824,151,8,,,,,,,,,
20111230085824,292,9,,,,,,,,,
20111230085824,331,10,,,,,,,,,
20120114012406,376,1,,,,,,,,,
20120114012406,191,2,,,,,,,,,
20120114012406,53,3,,,,,,,,,
20120114012406,258,4,,,,,,,,,
20120114012406,337,5,,,,,,,,,
20120114012406,328,6,,,,,,,,,
20120114012406,384,7,,,,,,,,,
20120114012406,151,8,,,,,,,,,
20120114012406,292,9,,,,,,,,,
20120114012406,331,10,,,,,,,,,
20120220091717,376,1,,,,,,,,,
20120220091717,384,2,,,,,,,,,
20120220091717,273,3,,,,,,,,,
20120220091717,331,4,,,,,,,,,
20120220091717,292,5,,,,,,,,,
20120220091717,328,6,,,,,,,,,
20120220091717,53,7,,,,,,,,,
20120220091717,191,8,,,,,,,,,
20120220091717,258,9,,,,,,,,,
20120220091717,15,10,,,,,,,,,
20120313064503,376,1,,,,,,,,,
20120313064503,384,2,,,,,,,,,
20120313064503,273,3,,,,,,,,,
20120313064503,331,4,,,,,,,,,
20120313064503,292,5,,,,,,,,,
20120313064503,328,6,,,,,,,,,
20120313064503,53,7,,,,,,,,,
20120313064503,191,8,,,,,,,,,
20120313064503,258,9,,,,,,,,,
20120313064503,15,10,,,,,,,,,
20120402101337,376,1,,,,,,,,,
20120402101337,384,2,,,,,,,,,
20120402101337,273,3,,,,,,,,,
20120402101337,331,4,,,,,,,,,
20120402101337,292,5,,,,,,,,,
20120402101337,328,6,,,,,,,,,
20120402101337,53,7,,,,,,,,,
20120402101337,191,8,,,,,,,,,
20120402101337,258,9,,,,,,,,,
20120402101337,15,10,,,,,,,,,
20120509160707,376,1,,,,,,,,,
20120509160707,384,2,,,,,,,,,
20120509160707,273,3,,,,,,,,,
20120509160707,331,4,,,,,,,,,
20120509160707,292,5,,,,,,,,,
20120509160707,328,6,,,,,,,,,
20120509160707,53,7,,,,,,,,,
20120509160707,191,8,,,,,,,,,
20120509160707,258,9,,,,,,,,,
20120509160707,15,10,,,,,,,,,
20120611045216,376,1,,,,,,,,,
20120611045216,384,2,,,,,,,,,
20120611045216,273,3,,,,,,,,,
20120611045216,331,4,,,,,,,,,
20120611045216,292,5,,,,,,,,,
20120611045216,328,6,,,,,,,,,
20120611045216,53,7,,,,,,,,,
20120611045216,191,8,,,,,,,,,
20120611045216,258,9,,,,,,,,,
20120611045216,15,10,,,,,,,,,
20120717023308,376,1,,,,,,,,,
20120717023308,384,2,,,,,,,,,
20120717023308,273,3,,,,,,,,,
20120717023308,331,4,,,,,,,,,
20120717023308,292,5,,,,,,,,,
20120717023308,328,6,,,,,,,,,
20120717023308,53,7,,,,,,,,,
20120717023308,191,8,,,,,,,,,
20120717023308,258,9,,,,,,,,,
20120717023308,15,10,,,,,,,,,
20120805222021,411,1,,,,,,,,,
20120805222021,1,2,,,,,,,,,
20120805222021,2,3,,,,,,,,,
20120805222021,3,4,,,,,,,,,
20120805222021,4,5,,,,,,,,,
20120805222021,5,6,,,,,,,,,
20120805222021,6,7,,,,,,,,,
20120805222021,7,8,,,,,,,,,
20120805222021,8,9,,,,,,,,,
20120805222021,9,10,,,,,,,,,
20120805222021,10,11,,,,,,,,,
20120915035117,376,1,,,,,,,,,
20120915035117,384,2,,,,,,,,,
20120915035117,273,3,,,,,,,,,
20120915035117,331,4,,,,,,,,,
20120915035117,292,5,,,,,,,,,
20120915035117,328,6,,,,,,,,,
20120915035117,53,7,,,,,,,,,
20120915035117,191,8,,,,,,,,,
20120915035117,258,9,,,,,,,,,
20120915035117,15,10,,,,,,,,,
20121005032441,853,1,,,,,,,,,
20121005032441,711,2,,,,,,,,,
20121005032441,733,3,,,,,,,,,
20121005032441,499,4,,,,,,,,,
20121005032441,705,5,,,,,,,,,
20121005032441,701,6,,,,,,,,,
20121005032441,700,7,,,,,,,,,
20121005032441,498,8,,,,,,,,,
20121005032441,528,9,,,,,,,,,
20121005032441,829,10,,,,,,,,,
20121102022936,839,1,,,,,,,,,
20121102022936,674,2,,,,,,,,,
20121102022936,873,3,,,,,,,,,
20121102022936,630,4,,,,,,,,,
20121102022936,549,5,,,,,,,,,
20121102022936,700,6,,,,,,,,,
20121102022936,776,7,,,,,,,,,
20121102022936,970,8,,,,,,,,,
20121102022936,588,9,,,,,,,,,
20121102022936,568,10,,,,,,,,,
20121102022936,984,11,,,,,,,,,
20121102022936,967,12,,,,,,,,,
20121102022936,979,13,,,,,,,,,
20121102022936,972,14,,,,,,,,,
20121102022936,966,15,,,,,,,,,
20121102022936,969,16,,,,,,,,,
20121102022936,961,17,,,,,,,,,
20121102022936,965,18,,,,,,,,,
20121102022936,964,19,,,,,,,,,
20121102022936,982,20,,,,,,,,,
20121203192611,839,1,,,,,,,,,
20121203192611,674,2,,,,,,,,,
20121203192611,776,3,,,,,,,,,
20121203192611,462,4,,,,,,,,,
20121203192611,873,5,,,,,,,,,
20121203192611,832,6,,,,,,,,,
20121203192611,549,7,,,,,,,,,
20121203192611,777,8,,,,,,,,,
20121203192611,687,9,,,,,,,,,
20121203192611,446,10,,,,,,,,,
20121203192611,1808,11,,,,,,,,,
20121203192611,1662,12,,,,,,,,,
20121203192611,1275,13,,,,,,,,,
20121203192611,1280,14,,,,,,,,,
20121203192611,1072,15,,,,,,,,,
20121203192611,1079,16,,,,,,,,,
20121203192611,1788,17,,,,,,,,,
20121203192611,1218,18,,,,,,,,,
20121203192611,1710,19,,,,,,,,,
20121203192611,1694,20,,,,,,,,,
20130103065407,2063,1,,,,,,,,,
20130103065407,2066,2,,,,,,,,,
20130103065407,2065,3,,,,,,,,,
20130103065407,650,4,,,,,,,,,
20130103065407,839,5,,,,,,,,,
20130103065407,758,6,,,,,,,,,
20130103065407,446,7,,,,,,,,,
20130103065407,588,8,,,,,,,,,
20130103065407,745,9,,,,,,,,,
20130103065407,674,10,,,,,,,,,
20130103065407,1373,11,,,,,,,,,
20130103065407,1994,12,,,,,,,,,
20130103065407,2698,13,,,,,,,,,
20130103065407,1275,14,,,,,,,,,
20130103065407,1380,15,,,,,,,,,
20130103065407,1280,16,,,,,,,,,
20130103065407,1244,17,,,,,,,,,
20130103065407,1072,18,,,,,,,,,
20130103065407,1953,19,,,,,,,,,
20130103065407,2557,20,,,,,,,,,
20130202005907,978,1,,,,,,,,,
20130202005907,3825,2,,,,,,,,,
20130202005907,3310,3,,,,,,,,,
20130202005907,2643,4,,,,,,,,,
20130202005907,3873,5,,,,,,,,,
20130202005907,3081,6,,,,,,,,,
20130202005907,3874,7,,,,,,,,,
20130202005907,3242,8,,,,,,,,,
20130202005907,2907,9,,,,,,,,,
20130202005907,3202,10,,,,,,,,,
20130202005907,3408,11,,,,,,,,,
20130202005907,2100,12,,,,,,,,,
20130202005907,1663,13,,,,,,,,,
20130202005907,1555,14,,,,,,,,,
20130202005907,3259,15,,,,,,,,,
20130202005907,3599,16,,,,,,,,,
20130202005907,1280,17,,,,,,,,,
20130202005907,1998,18,,,,,,,,,
20130202005907,2338,19,,,,,,,,,
20130202005907,1953,20,,,,,,,,,
20130202005907,2818,21,,,,,,,,,
20130301103949,4134,1,,,,,,,,,
20130301103949,4072,2,,,,,,,,,
20130301103949,4040,3,,,,,,,,,
20130301103949,4117,4,,,,,,,,,
20130301103949,4450,5,,,,,,,,,
20130301103949,4499,6,,,,,,,,,
20130301103949,4367,7,,,,,,,,,
20130301103949,4125,8,,,,,,,,,
20130301103949,3408,9,,,,,,,,,
20130301103949,4114,10,,,,,,,,,
20130301103949,1953,11,,,,,,,,,
20130301103949,2338,12,,,,,,,,,
20130301103949,2818,13,,,,,,,,,
20130301103949,3448,14,,,,,,,,,
20130301103949,4207,15,,,,,,,,,
20130301103949,4318,16,,,,,,,,,
20130301103949,1788,17,,,,,,,,,
20130301103949,3204,18,,,,,,,,,
20130301103949,3435,19,,,,,,,,,
20130301103949,1858,20,,,,,,,,,
20130402015315,4134,1,,,,,,,,,
20130402015315,4114,2,,,,,,,,,
20130402015315,4499,3,,,,,,,,,
20130402015315,4072,4,,,,,,,,,
20130402015315,4367,5,,,,,,,,,
20130402015315,4363,6,,,,,,,,,
20130402015315,3874,7,,,,,,,,,
20130402015315,4648,8,,,,,,,,,
20130402015315,4534,9,,,,,,,,,
20130402015315,4115,10,,,,,,,,,
20130402015315,5134,11,,,,,,,,,
20130402015315,4054,12,,,,,,,,,
20130402015315,4102,13,,,,,,,,,
20130402015315,5447,14,,,,,,,,,
20130402015315,1953,15,,,,,,,,,
20130402015315,2338,16,,,,,,,,,
20130402015315,5741,17,,,,,,,,,
20130402015315,2818,18,,,,,,,,,
20130402015315,3436,19,,,,,,,,,
20130402015315,3448,20,,,,,,,,,
20130505050937,4067,1,,,,,,,,,
20130505050937,4134,2,,,,,,,,,
20130505050937,4363,3,,,,,,,,,
20130505050937,3794,4,,,,,,,,,
20130505050937,1608,5,,,,,,,,,
20130505050937,4072,6,,,,,,,,,
20130505050937,3626,7,,,,,,,,,
20130505050937,4491,8,,,,,,,,,
20130505050937,4470,9,,,,,,,,,
20130505050937,4052,10,,,,,,,,,
20130505050937,3425,11,,,,,,,,,
20130505050937,4617,12,,,,,,,,,
20130505050937,3107,13,,,,,,,,,
20130505050937,3913,14,,,,,,,,,
20130505050937,3436,15,,,,,,,,,
20130505050937,1218,16,,,,,,,,,
20130505050937,3362,17,,,,,,,,,
20130505050937,5134,18,,,,,,,,,
20130505050937,5355,19,,,,,,,,,
20130505050937,1710,20,,,,,,,,,
20130601031801,4067,1,,,,,,,,,
20130601031801,5180,2,,,,,,,,,
20130601031801,4486,3,,,,,,,,,
20130601031801,4363,4,,,,,,,,,
20130601031801,5092,5,,,,,,,,,
20130601031801,1608,6,,,,,,,,,
20130601031801,3626,7,,,,,,,,,
20130601031801,4491,8,,,,,,,,,
20130601031801,6098,9,,,,,,,,,
20130601031801,5588,10,,,,,,,,,
20130601031801,3425,11,,,,,,,,,
20130601031801,3107,12,,,,,,,,,
20130601031801,4617,13,,,,,,,,,
20130601031801,3913,14,,,,,,,,,
20130601031801,3963,15,,,,,,,,,
20130601031801,5044,16,,,,,,,,,
20130601031801,3436,17,,,,,,,,,
20130601031801,4704,18,,,,,,,,,
20130601031801,3837,19,,,,,,,,,
20130601031801,2163,20,,,,,,,,,
20130703060656,4067,1,,,,,,,,,
20130703060656,4134,2,,,,,,,,,
20130703060656,931,3,,,,,,,,,
20130703060656,1608,4,,,,,,,,,
20130703060656,7456,5,,,,,,,,,
20130703060656,3626,6,,,,,,,,,
20130703060656,3050,7,,,,,,,,,
20130703060656,6002,8,,,,,,,,,
20130703060656,4470,9,,,,,,,,,
20130703060656,4115,10,,,,,,,,,
20130703060656,3425,11,,,,,,,,,
20130703060656,3913,12,,,,,,,,,
20130703060656,1148,13,,,,,,,,,
20130703060656,1710,14,,,,,,,,,
20130703060656,4318,15,,,,,,,,,
20130703060656,6019,16,,,,,,,,,
20130703060656,7008,17,,,,,,,,,
20130703060656,2443,18,,,,,,,,,
20130703060656,6581,19,,,,,,,,,
20130703060656,5477,20,,,,,,,,,
20130804182142,9654,1,,,,,,,,,
20130804182142,10061,2,,,,,,,,,
20130804182142,6794,3,,,,,,,,,
20130804182142,11708,4,,,,,,,,,
20130804182142,1698,5,,,,,,,,,
20130804182142,7112,6,,,,,,,,,
20130804182142,4115,7,,,,,,,,,
20130804182142,9737,8,,,,,,,,,
20130804182142,11532,9,,,,,,,,,
20130804182142,11546,10,,,,,,,,,
20130804182142,10298,11,,,,,,,,,
20130804182142,1710,12,,,,,,,,,
20130804182142,3425,13,,,,,,,,,
20130804182142,9390,14,,,,,,,,,
20130804182142,9394,15,,,,,,,,,
20130804182142,6417,16,,,,,,,,,
20130804182142,8902,17,,,,,,,,,
20130804182142,1558,18,,,,,,,,,
20130804182142,1218,19,,,,,,,,,
20130804182142,7799,20,,,,,,,,,
20130904075823,9654,1,,,,,,,,,
20130904075823,12394,2,,,,,,,,,
20130904075823,11708,3,,,,,,,,,
20130904075823,6794,4,,,,,,,,,
20130904075823,4115,5,,,,,,,,,
20130904075823,10061,6,,,,,,,,,
20130904075823,1698,7,,,,,,,,,
20130904075823,7112,8,,,,,,,,,
20130904075823,11532,9,,,,,,,,,
20130904075823,11546,10,,,,,,,,,
20130904075823,10298,11,,,,,,,,,
20130904075823,13095,12,,,,,,,,,
20130904075823,6417,13,,,,,,,,,
20130904075823,6470,14,,,,,,,,,
20130904075823,6685,15,,,,,,,,,
20130904075823,1710,16,,,,,,,,,
20130904075823,1218,17,,,,,,,,,
20130904075823,10508,18,,,,,,,,,
20130904075823,13093,19,,,,,,,,,
20130904075823,7695,20,,,,,,,,,
20131002175312,12101,1,,,,,,,,,
20131002175312,9654,2,,,,,,,,,
20131002175312,6794,3,,,,,,,,,
20131002175312,12394,4,,,,,,,,,
20131002175312,1698,5,,,,,,,,,
20131002175312,7112,6,,,,,,,,,
20131002175312,11532,7,,,,,,,,,
20131002175312,14778,8,,,,,,,,,
20131002175312,8061,9,,,,,,,,,
20131002175312,4115,10,,,,,,,,,
20131002175312,13383,11,,,,,,,,,
20131002175312,6417,12,,,,,,,,,
20131002175312,10298,13,,,,,,,,,
20131002175312,1218,14,,,,,,,,,
20131002175312,12417,15,,,,,,,,,
20131002175312,6894,16,,,,,,,,,
20131002175312,10508,17,,,,,,,,,
20131002175312,10943,18,,,,,,,,,
20131002175312,12065,19,,,,,,,,,
20131002175312,1148,20,,,,,,,,,
20131104120023,12101,1,,,,,,,,,
20131104120023,14778,2,,,,,,,,,
20131104120023,12394,3,,,,,,,,,
20131104120023,11708,4,,,,,,,,,
20131104120023,8492,5,,,,,,,,,
20131104120023,6952,6,,,,,,,,,
20131104120023,5184,7,,,,,,,,,
20131104120023,17182,8,,,,,,,,,
20131104120023,16101,9,,,,,,,,,
20131104120023,15456,10,,,,,,,,,
20131104120023,17026,11,,,,,,,,,
20131104120023,14937,12,,,,,,,,,
20131104120023,6417,13,,,,,,,,,
20131104120023,7514,14,,,,,,,,,
20131104120023,1218,15,,,,,,,,,
20131104120023,3913,16,,,,,,,,,
20131104120023,12065,17,,,,,,,,,
20131104120023,6470,18,,,,,,,,,
20131104120023,11692,19,,,,,,,,,
20131104120023,1148,20,,,,,,,,,
20131207070734,19385,1,,,,,,,,,
20131207070734,18326,2,,,,,,,,,
20131207070734,6505,3,,,,,,,,,
20131207070734,19294,4,,,,,,,,,
20131207070734,16989,5,,,,,,,,,
20131207070734,21486,6,,,,,,,,,
20131207070734,5184,7,,,,,,,,,
20131207070734,21483,8,,,,,,,,,
20131207070734,12319,9,,,,,,,,,
20131207070734,18823,10,,,,,,,,,
20131207070734,14263,11,,,,,,,,,
20131207070734,1218,12,,,,,,,,,
20131207070734,1148,13,,,,,,,,,
20131207070734,20312,14,,,,,,,,,
20131207070734,12065,15,,,,,,,,,
20131207070734,1433,16,,,,,,,,,
20131207070734,1074,17,,,,,,,,,
20131207070734,17330,18,,,,,,,,,
20131207070734,12026,19,,,,,,,,,
20131207070734,18219,20,,,,,,,,,
20140103061845,17659,1,,,,,,,,,
20140103061845,18326,2,,,,,,,,,
20140103061845,13280,3,,,,,,,,,
20140103061845,22977,4,,,,,,,,,
20140103061845,16989,5,,,,,,,,,
20140103061845,18672,6,,,,,,,,,
20140103061845,12319,7,,,,,,,,,
20140103061845,6505,8,,,,,,,,,
20140103061845,22016,9,,,,,,,,,
20140103061845,21767,10,,,,,,,,,
20140103061845,1218,11,,,,,,,,,
20140103061845,18283,12,,,,,,,,,
20140103061845,18187,13,,,,,,,,,
20140103061845,19304,14,,,,,,,,,
20140103061845,18219,15,,,,,,,,,
20140103061845,1074,16,,,,,,,,,
20140103061845,23942,17,,,,,,,,,
20140103061845,22926,18,,,,,,,,,
20140103061845,12266,19,,,,,,,,,
20140103061845,22803,20,,,,,,,,,
20140203090342,6952,1,,,,,,,,,
20140203090342,8492,2,,,,,,,,,
20140203090342,6463,3,,,,,,,,,
20140203090342,4052,4,,,,,,,,,
20140203090342,21651,5,,,,,,,,,
20140203090342,20270,6,,,,,,,,,
20140203090342,5184,7,,,,,,,,,
20140203090342,17275,8,,,,,,,,,
20140203090342,23230,9,,,,,,,,,
20140203090342,1698,10,,,,,,,,,
20140203090342,1710,11,,,,,,,,,
20140203090342,12266,12,,,,,,,,,
20140203090342,18729,13,,,,,,,,,
20140203090342,7392,14,,,,,,,,,
20140203090342,1199,15,,,,,,,,,
20140203090342,4767,16,,,,,,,,,
20140203090342,6476,17,,,,,,,,,
20140203090342,3963,18,,,,,,,,,
20140203090342,6290,19,,,,,,,,,
20140203090342,4963,20,,,,,,,,,
20140301093446,18326,1,,,,,,,,,
20140301093446,14355,2,,,,,,,,,
20140301093446,21420,3,,,,,,,,,
20140301093446,19138,4,,,,,,,,,
20140301093446,11939,5,,,,,,,,,
20140301093446,25409,6,,,,,,,,,
20140301093446,28514,7,,,,,,,,,
20140301093446,21440,8,,,,,,,,,
20140301093446,24723,9,,,,,,,,,
20140301093446,29603,10,,,,,,,,,
20140301093446,30745,11,,,,,,,,,
20140301093446,1218,12,,,,,,,,,
20140301093446,7392,13,,,,,,,,,
20140301093446,12266,14,,,,,,,,,
20140301093446,18729,15,,,,,,,,,
20140301093446,15252,16,,,,,,,,,
20140301093446,1199,17,,,,,,,,,
20140301093446,25221,18,,,,,,,,,
20140301093446,4767,19,,,,,,,,,
20140301093446,28622,20,,,,,,,,,
20140401174152,18326,1,,,,,,,,,
20140401174152,14355,2,,,,,,,,,
20140401174152,34358,3,,,,,,,,,
20140401174152,21420,4,,,,,,,,,
20140401174152,5184,5,,,,,,,,,
20140401174152,30483,6,,,,,,,,,
20140401174152,28514,7,,,,,,,,,
20140401174152,25409,8,,,,,,,,,
20140401174152,29603,9,,,,,,,,,
20140401174152,23466,10,,,,,,,,,
20140401174152,25661,11,,,,,,,,,
20140401174152,30745,12,,,,,,,,,
20140401174152,31010,13,,,,,,,,,
20140401174152,12266,14,,,,,,,,,
20140401174152,18187,15,,,,,,,,,
20140401174152,1199,16,,,,,,,,,
20140401174152,26082,17,,,,,,,,,
20140401174152,4767,18,,,,,,,,,
20140401174152,28622,19,,,,,,,,,
20140401174152,29466,20,,,,,,,,,
20140502054201,18326,1,,,,,,,,,
20140502054201,21420,2,,,,,,,,,
20140502054201,33258,3,,,,,,,,,
20140502054201,19138,4,,,,,,,,,
20140502054201,14355,5,,,,,,,,,
20140502054201,25409,6,,,,,,,,,
20140502054201,30483,7,,,,,,,,,
20140502054201,23466,8,,,,,,,,,
20140502054201,24723,9,,,,,,,,,
20140502054201,29603,10,,,,,,,,,
20140502054201,30745,11,,,,,,,,,
20140502054201,35235,12,,,,,,,,,
20140502054201,25661,13,,,,,,,,,
20140502054201,31010,14,,,,,,,,,
20140502054201,1199,15,,,,,,,,,
20140502054201,18187,16,,,,,,,,,
20140502054201,26082,17,,,,,,,,,
20140502054201,4767,18,,,,,,,,,
20140502054201,34163,19,,,,,,,,,
20140502054201,28622,20,,,,,,,,,
20140601062757,33258,1,,,,,,,,,
20140601062757,40279,2,,,,,,,,,
20140601062757,18326,3,,,,,,,,,
20140601062757,19138,4,,,,,,,,,
20140601062757,14355,5,,,,,,,,,
20140601062757,25409,6,,,,,,,,,
20140601062757,30483,7,,,,,,,,,
20140601062757,34580,8,,,,,,,,,
20140601062757,38342,9,,,,,,,,,
20140601062757,27984,10,,,,,,,,,
20140601062757,30745,11,,,,,,,,,
20140601062757,35235,12,,,,,,,,,
20140601062757,25221,13,,,,,,,,,
20140601062757,25661,14,,,,,,,,,
20140601062757,18187,15,,,,,,,,,
20140601062757,1199,16,,,,,,,,,
20140601062757,38331,17,,,,,,,,,
20140601062757,32636,18,,,,,,,,,
20140601062757,4767,19,,,,,,,,,
20140601062757,26082,20,,,,,,,,,
20140701063622,18326,1,,,,,,,,,
20140701063622,34358,2,,,,,,,,,
20140701063622,19138,3,,,,,,,,,
20140701063622,25409,4,,,,,,,,,
20140701063622,30483,5,,,,,,,,,
20140701063622,27984,6,,,,,,,,,
20140701063622,38342,7,,,,,,,,,
20140701063622,39188,8,,,,,,,,,
20140701063622,32488,9,,,,,,,,,
20140701063622,35247,10,,,,,,,,,
20140701063622,30745,11,,,,,,,,,
20140701063622,35235,12,,,,,,,,,
20140701063622,38331,13,,,,,,,,,
20140701063622,45973,14,,,,,,,,,
20140701063622,35091,15,,,,,,,,,
20140701063622,7695,16,,,,,,,,,
20140701063622,25661,17,,,,,,,,,
20140701063622,4767,18,,,,,,,,,
20140701063622,26082,19,,,,,,,,,
20140701063622,31125,20,,,,,,,,,
20140802080655,18326,1,,,,,,,,,
20140802080655,45214,2,,,,,,,,,
20140802080655,31302,3,,,,,,,,,
20140802080655,25409,4,,,,,,,,,
20140802080655,32488,5,,,,,,,,,
20140802080655,27833,6,,,,,,,,,
20140802080655,38342,7,,,,,,,,,
20140802080655,48553,8,,,,,,,,,
20140802080655,34580,9,,,,,,,,,
20140802080655,46493,10,,,,,,,,,
20140802080655,30745,11,,,,,,,,,
20140802080655,38331,12,,,,,,,,,
20140802080655,35235,13,,,,,,,,,
20140802080655,25661,14,,,,,,,,,
20140802080655,4767,15,,,,,,,,,
20140802080655,1199,16,,,,,,,,,
20140802080655,32636,17,,,,,,,,,
20140802080655,32464,18,,,,,,,,,
20140802080655,45624,19,,,,,,,,,
20140802080655,49155,20,,,,,,,,,
20140904084017,45214,1,,,,,,,,,
20140904084017,55055,2,,,,,,,,,
20140904084017,48692,3,,,,,,,,,
20140904084017,46493,4,,,,,,,,,
20140904084017,39108,5,,,,,,,,,
20140904084017,25409,6,,,,,,,,,
20140904084017,30483,7,,,,,,,,,
20140904084017,53558,8,,,,,,,,,
20140904084017,35247,9,,,,,,,,,
20140904084017,28514,10,,,,,,,,,
20140904084017,25221,11,,,,,,,,,
20140904084017,7695,12,,,,,,,,,
20140904084017,35091,13,,,,,,,,,
20140904084017,4767,14,,,,,,,,,
20140904084017,49843,15,,,,,,,,,
20140904084017,1199,16,,,,,,,,,
20140904084017,38331,17,,,,,,,,,
20140904084017,50658,18,,,,,,,,,
20140904084017,54924,19,,,,,,,,,
20140904084017,50126,20,,,,,,,,,
20141001222037,45214,1,,,,,,,,,
20141001222037,30483,2,,,,,,,,,
20141001222037,6922,3,,,,,,,,,
20141001222037,46493,4,,,,,,,,,
20141001222037,25409,5,,,,,,,,,
20141001222037,48692,6,,,,,,,,,
20141001222037,35247,7,,,,,,,,,
20141001222037,55055,8,,,,,,,,,
20141001222037,53558,9,,,,,,,,,
20141001222037,58927,10,,,,,,,,,
20141001222037,25221,11,,,,,,,,,
20141001222037,4767,12,,,,,,,,,
20141001222037,1199,13,,,,,,,,,
20141001222037,50126,14,,,,,,,,,
20141001222037,35539,15,,,,,,,,,
20141001222037,54924,16,,,,,,,,,
20141001222037,13423,17,,,,,,,,,
20141001222037,29466,18,,,,,,,,,
20141001222037,59200,19,,,,,,,,,
20141001222037,40328,20,,,,,,,,,
20141102050410,45214,1,,,,,,,,,
20141102050410,60895,2,,,,,,,,,
20141102050410,35247,3,,,,,,,,,
20141102050410,53558,4,,,,,,,,,
20141102050410,25409,5,,,,,,,,,
20141102050410,53556,6,,,,,,,,,
20141102050410,6922,7,,,,,,,,,
20141102050410,30483,8,,,,,,,,,
20141102050410,58419,9,,,,,,,,,
20141102050410,41351,10,,,,,,,,,
20141102050410,35828,11,,,,,,,,,
20141102050410,1199,12,,,,,,,,,
20141102050410,49843,13,,,,,,,,,
20141102050410,50603,14,,,,,,,,,
20141102050410,4767,15,,,,,,,,,
20141102050410,29466,16,,,,,,,,,
20141102050410,13423,17,,,,,,,,,
20141102050410,59224,18,,,,,,,,,
20141102050410,59382,19,,,,,,,,,
20141102050410,40847,20,,,,,,,,,
20141202081252,70356,1,,,,,,,,,
20141202081252,45214,2,,,,,,,,,
20141202081252,6922,3,,,,,,,,,
20141202081252,35247,4,,,,,,,,,
20141202081252,58419,5,,,,,,,,,
20141202081252,30483,6,,,,,,,,,
20141202081252,58507,7,,,,,,,,,
20141202081252,39693,8,,,,,,,,,
20141202081252,59731,9,,,,,,,,,
20141202081252,55459,10,,,,,,,,,
20141202081252,65126,11,,,,,,,,,
20141202081252,47702,12,,,,,,,,,
20141202081252,35828,13,,,,,,,,,
20141202081252,1199,14,,,,,,,,,
20141202081252,49843,15,,,,,,,,,
20141202081252,13423,16,,,,,,,,,
20141202081252,29466,17,,,,,,,,,
20141202081252,66733,18,,,,,,,,,
20141202081252,35539,19,,,,,,,,,
20141202081252,23394,20,,,,,,,,,
20150103043453,6922,1,,,,,,,,,
20150103043453,70356,2,,,,,,,,,
20150103043453,53556,3,,,,,,,,,
20150103043453,45214,4,,,,,,,,,
20150103043453,63347,5,,,,,,,,,
20150103043453,30483,6,,,,,,,,,
20150103043453,67007,7,,,,,,,,,
20150103043453,58507,8,,,,,,,,,
20150103043453,59731,9,,,,,,,,,
20150103043453,59858,10,,,,,,,,,
20150103043453,73528,11,,,,,,,,,
20150103043453,65126,12,,,,,,,,,
20150103043453,50429,13,,,,,,,,,
20150103043453,74132,14,,,,,,,,,
20150103043453,35828,15,,,,,,,,,
20150103043453,47702,16,,,,,,,,,
20150103043453,35825,17,,,,,,,,,
20150103043453,1199,18,,,,,,,,,
20150103043453,49843,19,,,,,,,,,
20150103043453,56880,20,,,,,,,,,
20150309232109,58507,1,,,,,,,,,
20150309232109,53558,2,,,,,,,,,
20150309232109,59731,3,,,,,,,,,
20150309232109,55459,4,,,,,,,,,
20150309232109,30483,5,,,,,,,,,
20150309232109,74747,6,,,,,,,,,
20150309232109,67087,7,,,,,,,,,
20150309232109,54216,8,,,,,,,,,
20150309232109,87772,9,,,,,,,,,
20150309232109,85278,10,,,,,,,,,
20150309232109,35828,11,,,,,,,,,
20150309232109,62134,12,,,,,,,,,
20150309232109,84051,13,,,,,,,,,
20150309232109,70167,14,,,,,,,,,
20150309232109,63694,15,,,,,,,,,
20150309232109,86676,16,,,,,,,,,
20150309232109,74295,17,,,,,,,,,
20150309232109,82379,18,,,,,,,,,
20150309232109,1199,19,,,,,,,,,
20150309232109,70562,20,,,,,,,,,
20150407035108,53558,1,,,,,,,,,
20150407035108,58507,2,,,,,,,,,
20150407035108,55459,3,,,,,,,,,
20150407035108,30483,4,,,,,,,,,
20150407035108,88633,5,,,,,,,,,
20150407035108,74747,6,,,,,,,,,
20150407035108,54216,7,,,,,,,,,
20150407035108,59731,8,,,,,,,,,
20150407035108,21249,9,,,,,,,,,
20150407035108,89785,10,,,,,,,,,
20150407035108,79698,11,,,,,,,,,
20150407035108,35828,12,,,,,,,,,
20150407035108,70167,13,,,,,,,,,
20150407035108,62134,14,,,,,,,,,
20150407035108,84051,15,,,,,,,,,
20150407035108,88671,16,,,,,,,,,
20150407035108,70534,17,,,,,,,,,
20150407035108,74295,18,,,,,,,,,
20150407035108,77276,19,,,,,,,,,
20150407035108,89949,20,,,,,,,,,
20150526183921,54216,1,,,,,,,,,
20150526183921,42850,2,,,,,,,,,
20150526183921,21249,3,,,,,,,,,
20150526183921,45214,4,,,,,,,,,
20150526183921,87867,5,,,,,,,,,
20150526183921,30483,6,,,,,,,,,
20150526183921,98749,7,,,,,,,,,
20150526183921,100156,8,,,,,,,,,
20150526183921,85278,9,,,,,,,,,
20150526183921,87772,10,,,,,,,,,
20150526183921,70167,11,,,,,,,,,
20150526183921,62134,12,,,,,,,,,
20150526183921,59826,13,,,,,,,,,
20150526183921,83960,14,,,,,,,,,
20150526183921,80927,15,,,,,,,,,
20150526183921,70534,16,,,,,,,,,
20150526183921,106442,17,,,,,,,,,
20150526183921,103048,18,,,,,,,,,
20150526183921,88661,19,,,,,,,,,
20150526183921,91680,20,,,,,,,,,
20150602194514,109713,1,,,,,,,,,
20150602194514,42850,2,,,,,,,,,
20150602194514,21249,3,,,,,,,,,
20150602194514,101667,4,,,,,,,,,
20150602194514,45214,5,,,,,,,,,
20150602194514,30483,6,,,,,,,,,
20150602194514,100156,7,,,,,,,,,
20150602194514,98749,8,,,,,,,,,
20150602194514,87867,9,,,,,,,,,
20150602194514,103161,10,,,,,,,,,
20150602194514,62134,11,,,,,,,,,
20150602194514,59826,12,,,,,,,,,
20150602194514,74251,13,,,,,,,,,
20150602194514,70534,14,,,,,,,,,
20150602194514,106442,15,,,,,,,,,
20150602194514,70167,16,,,,,,,,,
20150602194514,80927,17,,,,,,,,,
20150602194514,91680,18,,,,,,,,,
20150602194514,106560,19,,,,,,,,,
20150602194514,103048,20,,,,,,,,,
20150713140249,45214,1,,,,,,,,,
20150713140249,42850,2,,,,,,,,,
20150713140249,21249,3,,,,,,,,,
20150713140249,55419,4,,,,,,,,,
20150713140249,30483,5,,,,,,,,,
20150713140249,104580,6,,,,,,,,,
20150713140249,103161,7,,,,,,,,,
20150713140249,100156,8,,,,,,,,,
20150713140249,89872,9,,,,,,,,,
20150713140249,106050,10,,,,,,,,,
20150713140249,74251,11,,,,,,,,,
20150713140249,107938,12,,,,,,,,,
20150713140249,114613,13,,,,,,,,,
20150713140249,56880,14,,,,,,,,,
20150713140249,101817,15,,,,,,,,,
20150713140249,70534,16,,,,,,,,,
20150713140249,107493,17,,,,,,,,,
20150713140249,107660,18,,,,,,,,,
20150713140249,77496,19,,,,,,,,,
20150713140249,111014,20,,,,,,,,,
20150813225450,45214,1,,,,,,,,,
20150813225450,55419,2,,,,,,,,,
20150813225450,113251,3,,,,,,,,,
20150813225450,42850,4,,,,,,,,,
20150813225450,21249,5,,,,,,,,,
20150813225450,80463,6,,,,,,,,,
20150813225450,89872,7,,,,,,,,,
20150813225450,87865,8,,,,,,,,,
20150813225450,54216,9,,,,,,,,,
20150813225450,123029,10,,,,,,,,,
20150813225450,74251,11,,,,,,,,,
20150813225450,74480,12,,,,,,,,,
20150813225450,122054,13,,,,,,,,,
20150813225450,114613,14,,,,,,,,,
20150813225450,107938,15,,,,,,,,,
20150813225450,123218,16,,,,,,,,,
20150813225450,96466,17,,,,,,,,,
20150813225450,45686,18,,,,,,,,,
20150813225450,111955,19,,,,,,,,,
20150813225450,113089,20,,,,,,,,,
20151015191850,45214,1,,,,,,,,,
20151015191850,104580,2,,,,,,,,,
20151015191850,42850,3,,,,,,,,,
20151015191850,21249,4,,,,,,,,,
20151015191850,55419,5,,,,,,,,,
20151015191850,30483,6,,,,,,,,,
20151015191850,137604,7,,,,,,,,,
20151015191850,92477,8,,,,,,,,,
20151015191850,127718,9,,,,,,,,,
20151015191850,93913,10,,,,,,,,,
20151015191850,74251,11,,,,,,,,,
20151015191850,74480,12,,,,,,,,,
20151015191850,67938,13,,,,,,,,,
20151015191850,120181,14,,,,,,,,,
20151015191850,112857,15,,,,,,,,,
20151015191850,124603,16,,,,,,,,,
20151015191850,126288,17,,,,,,,,,
20151015191850,125799,18,,,,,,,,,
20151015191850,104292,19,,,,,,,,,
20151015191850,134719,20,,,,,,,,,
20151106022912,45214,1,,,,,,,,,
20151106022912,39108,2,,,,,,,,,
20151106022912,128737,3,,,,,,,,,
20151106022912,104580,4,,,,,,,,,
20151106022912,42850,5,,,,,,,,,
20151106022912,21249,6,,,,,,,,,
20151106022912,30483,7,,,,,,,,,
20151106022912,115181,8,,,,,,,,,
20151106022912,87865,9,,,,,,,,,
20151106022912,92477,10,,,,,,,,,
20151106022912,122417,11,,,,,,,,,
20151106022912,134719,12,,,,,,,,,
20151106022912,74251,13,,,,,,,,,
20151106022912,74480,14,,,,,,,,,
20151106022912,126288,15,,,,,,,,,
20151106022912,104292,16,,,,,,,,,
20151106022912,125799,17,,,,,,,,,
20151106022912,129499,18,,,,,,,,,
20151106022912,119240,19,,,,,,,,,
20151106022912,112867,20,,,,,,,,,
20151202051050,45214,1,,,,,,,,,
20151202051050,104580,2,,,,,,,,,
20151202051050,128737,3,,,,,,,,,
20151202051050,42850,4,,,,,,,,,
20151202051050,21249,5,,,,,,,,,
20151202051050,39108,6,,,,,,,,,
20151202051050,30483,7,,,,,,,,,
20151202051050,92477,8,,,,,,,,,
20151202051050,132702,9,,,,,,,,,
20151202051050,101667,10,,,,,,,,,
20151202051050,122417,11,,,,,,,,,
20151202051050,134719,12,,,,,,,,,
20151202051050,74480,13,,,,,,,,,
20151202051050,74251,14,,,,,,,,,
20151202051050,138935,15,,,,,,,,,
20151202051050,125799,16,,,,,,,,,
20151202051050,112960,17,,,,,,,,,
20151202051050,126288,18,,,,,,,,,
20151202051050,69013,19,,,,,,,,,
20151202051050,112402,20,,,,,,,,,
20160106152141,45214,1,,,,,,,,,
20160106152141,42850,2,,,,,,,,,
20160106152141,21249,3,,,,,,,,,
20160106152141,101667,4,,,,,,,,,
20160106152141,106050,5,,,,,,,,,
20160106152141,132702,6,,,,,,,,,
20160106152141,30483,7,,,,,,,,,
20160106152141,114203,8,,,,,,,,,
20160106152141,103161,9,,,,,,,,,
20160106152141,112197,10,,,,,,,,,
20160106152141,122417,11,,,,,,,,,
20160106152141,142893,12,,,,,,,,,
20160106152141,70542,13,,,,,,,,,
20160106152141,125799,14,,,,,,,,,
20160106152141,138935,15,,,,,,,,,
20160106152141,74480,16,,,,,,,,,
20160106152141,140861,17,,,,,,,,,
20160106152141,137347,18,,,,,,,,,
20160106152141,126288,19,,,,,,,,,
20160106152141,74251,20,,,,,,,,,
20160204001047,116151,1,,,,,,,,,
20160204001047,45214,2,,,,,,,,,
20160204001047,104580,3,,,,,,,,,
20160204001047,30483,4,,,,,,,,,
20160204001047,42850,5,,,,,,,,,
20160204001047,21249,6,,,,,,,,,
20160204001047,101667,7,,,,,,,,,
20160204001047,116655,8,,,,,,,,,
20160204001047,103161,9,,,,,,,,,
20160204001047,129751,10,,,,,,,,,
20160204001047,140861,11,,,,,,,,,
20160204001047,138935,12,,,,,,,,,
20160204001047,121113,13,,,,,,,,,
20160204001047,126288,14,,,,,,,,,
20160204001047,139799,15,,,,,,,,,
20160204001047,129429,16,,,,,,,,,
20160204001047,142893,17,,,,,,,,,
20160204001047,126290,18,,,,,,,,,
20160204001047,150482,19,,,,,,,,,
20160204001047,136853,20,,,,,,,,,
20160303093231,45214,1,,,,,,,,,
20160303093231,116151,2,,,,,,,,,
20160303093231,30483,3,,,,,,,,,
20160303093231,21249,4,,,,,,,,,
20160303093231,42850,5,,,,,,,,,
20160303093231,153559,6,,,,,,,,,
20160303093231,129751,7,,,,,,,,,
20160303093231,161307,8,,,,,,,,,
20160303093231,80463,9,,,,,,,,,
20160303093231,122149,10,,,,,,,,,
20160303093231,121113,11,,,,,,,,,
20160303093231,141046,12,,,,,,,,,
20160303093231,131831,13,,,,,,,,,
20160303093231,138935,14,,,,,,,,,
20160303093231,84685,15,,,,,,,,,
20160303093231,157352,16,,,,,,,,,
20160303093231,129429,17,,,,,,,,,
20160303093231,150482,18,,,,,,,,,
20160303093231,126288,19,,,,,,,,,
20160303093231,48366,20,,,,,,,,,
20160405005609,165324,1,,,,,,,,,
20160405005609,152650,2,,,,,,,,,
20160405005609,101667,3,,,,,,,,,
20160405005609,42850,4,,,,,,,,,
20160405005609,21249,5,,,,,,,,,
20160405005609,153559,6,,,,,,,,,
20160405005609,70139,7,,,,,,,,,
20160405005609,106050,8,,,,,,,,,
20160405005609,161307,9,,,,,,,,,
20160405005609,103161,10,,,,,,,,,
20160405005609,141046,11,,,,,,,,,
20160405005609,121113,12,,,,,,,,,
20160405005609,177477,13,,,,,,,,,
20160405005609,142893,14,,,,,,,,,
20160405005609,84685,15,,,,,,,,,
20160405005609,165035,16,,,,,,,,,
20160405005609,157352,17,,,,,,,,,
20160405005609,129429,18,,,,,,,,,
20160405005609,154026,19,,,,,,,,,
20160405005609,131988,20,,,,,,,,,
20160505031323,165324,1,,,,,,,,,
20160505031323,42850,2,,,,,,,,,
20160505031323,106050,3,,,,,,,,,
20160505031323,70139,4,,,,,,,,,
20160505031323,21249,5,,,,,,,,,
20160505031323,103161,6,,,,,,,,,
20160505031323,161307,7,,,,,,,,,
20160505031323,153559,8,,,,,,,,,
20160505031323,101667,9,,,,,,,,,
20160505031323,122149,10,,,,,,,,,
20160505031323,121113,11,,,,,,,,,
20160505031323,141046,12,,,,,,,,,
20160505031323,176241,13,,,,,,,,,
20160505031323,74480,14,,,,,,,,,
20160505031323,172150,15,,,,,,,,,
20160505031323,84685,16,,,,,,,,,
20160505031323,157352,17,,,,,,,,,
20160505031323,150482,18,,,,,,,,,
20160505031323,143987,19,,,,,,,,,
20160505031323,181438,20,,,,,,,,,
20160602045928,180085,1,,,,,,,,,
20160602045928,165324,2,,,,,,,,,
20160602045928,42850,3,,,,,,,,,
20160602045928,70139,4,,,,,,,,,
20160602045928,21249,5,,,,,,,,,
20160602045928,101667,6,,,,,,,,,
20160602045928,153559,7,,,,,,,,,
20160602045928,185987,8,,,,,,,,,
20160602045928,103161,9,,,,,,,,,
20160602045928,161307,10,,,,,,,,,
20160602045928,189433,11,,,,,,,,,
20160602045928,74480,12,,,,,,,,,
20160602045928,194242,13,,,,,,,,,
20160602045928,176241,14,,,,,,,,,
20160602045928,181438,15,,,,,,,,,
20160602045928,177477,16,,,,,,,,,
20160602045928,193418,17,,,,,,,,,
20160602045928,179725,18,,,,,,,,,
20160602045928,172150,19,,,,,,,,,
20160602045928,169648,20,,,,,,,,,
20160708103825,165324,1,,,,,,,,,
20160708103825,180085,2,,,,,,,,,
20160708103825,42850,3,,,,,,,,,
20160708103825,21249,4,,,,,,,,,
20160708103825,101667,5,,,,,,,,,
20160708103825,39504,6,,,,,,,,,
20160708103825,161307,7,,,,,,,,,
20160708103825,201897,8,,,,,,,,,
20160708103825,178619,9,,,,,,,,,
20160708103825,191929,10,,,,,,,,,
20160708103825,189433,11,,,,,,,,,
20160708103825,74480,12,,,,,,,,,
20160708103825,190149,13,,,,,,,,,
20160708103825,193418,14,,,,,,,,,
20160708103825,176241,15,,,,,,,,,
20160708103825,194242,16,,,,,,,,,
20160708103825,177477,17,,,,,,,,,
20160708103825,172150,18,,,,,,,,,
20160708103825,181438,19,,,,,,,,,
20160708103825,143987,20,,,,,,,,,
20160810075223,165324,1,,,,,,,,,
20160810075223,141750,2,,,,,,,,,
20160810075223,191929,3,,,,,,,,,
20160810075223,178619,4,,,,,,,,,
20160810075223,203863,5,,,,,,,,,
20160810075223,179671,6,,,,,,,,,
20160810075223,184731,7,,,,,,,,,
20160810075223,165041,8,,,,,,,,,
20160810075223,214334,9,,,,,,,,,
20160810075223,185987,10,,,,,,,,,
20160810075223,189433,11,,,,,,,,,
20160810075223,177477,12,,,,,,,,,
20160810075223,129797,13,,,,,,,,,
20160810075223,194242,14,,,,,,,,,
20160810075223,179725,15,,,,,,,,,
20160810075223,181438,16,,,,,,,,,
20160810075223,143987,17,,,,,,,,,
20160810075223,136110,18,,,,,,,,,
20160810075223,207112,19,,,,,,,,,
20160810075223,205029,20,,,,,,,,,
20160902103727,165324,1,,,,,,,,,
20160902103727,185987,2,,,,,,,,,
20160902103727,42850,3,,,,,,,,,
20160902103727,21249,4,,,,,,,,,
20160902103727,205845,5,,,,,,,,,
20160902103727,178619,6,,,,,,,,,
20160902103727,204893,7,,,,,,,,,
20160902103727,184731,8,,,,,,,,,
20160902103727,204344,9,,,,,,,,,
20160902103727,191929,10,,,,,,,,,
20160902103727,136110,11,,,,,,,,,
20160902103727,189433,12,,,,,,,,,
20160902103727,177477,13,,,,,,,,,
20160902103727,194242,14,,,,,,,,,
20160902103727,129797,15,,,,,,,,,
20160902103727,181438,16,,,,,,,,,
20160902103727,173172,17,,,,,,,,,
20160902103727,143987,18,,,,,,,,,
20160902103727,207112,19,,,,,,,,,
20160902103727,84685,20,,,,,,,,,
20161007213400,204893,1,,,,,,,,,
20161007213400,178619,2,,,,,,,,,
20161007213400,185987,3,,,,,,,,,
20161007213400,225456,4,,,,,,,,,
20161007213400,228469,5,,,,,,,,,
20161007213400,204344,6,,,,,,,,,
20161007213400,202842,7,,,,,,,,,
20161007213400,165041,8,,,,,,,,,
20161007213400,179671,9,,,,,,,,,
20161007213400,204460,10,,,,,,,,,
20161007213400,129797,11,,,,,,,,,
20161007213400,181438,12,,,,,,,,,
20161007213400,222672,13,,,,,,,,,
20161007213400,194242,14,,,,,,,,,
20161007213400,207112,15,,,,,,,,,
20161007213400,48366,16,,,,,,,,,
20161007213400,137898,17,,,,,,,,,
20161007213400,207626,18,,,,,,,,,
20161007213400,189778,19,,,,,,,,,
20161007213400,126290,20,,,,,,,,,
20161107220510,141750,1,,,,,,,,,
20161107220510,185987,2,,,,,,,,,
20161107220510,209242,3,,,,,,,,,
20161107220510,225456,4,,,,,,,,,
20161107220510,186161,5,,,,,,,,,
20161107220510,178619,6,,,,,,,,,
20161107220510,204344,7,,,,,,,,,
20161107220510,187462,8,,,,,,,,,
20161107220510,165041,9,,,,,,,,,
20161107220510,227118,10,,,,,,,,,
20161107220510,223028,11,,,,,,,,,
20161107220510,129797,12,,,,,,,,,
20161107220510,181438,13,,,,,,,,,
20161107220510,159808,14,,,,,,,,,
20161107220510,129369,15,,,,,,,,,
20161107220510,222672,16,,,,,,,,,
20161107220510,207112,17,,,,,,,,,
20161107220510,194242,18,,,,,,,,,
20161107220510,143987,19,,,,,,,,,
20161107220510,74251,20,,,,,,,,,
20161203025632,141750,1,,,,,,,,,
20161203025632,185987,2,,,,,,,,,
20161203025632,186161,3,,,,,,,,,
20161203025632,209242,4,,,,,,,,,
20161203025632,176196,5,,,,,,,,,
20161203025632,218257,6,,,,,,,,,
20161203025632,218911,7,,,,,,,,,
20161203025632,197514,8,,,,,,,,,
20161203025632,230620,9,,,,,,,,,
20161203025632,149724,10,,,,,,,,,
20161203025632,129797,11,,,,,,,,,
20161203025632,207112,12,,,,,,,,,
20161203025632,159808,13,,,,,,,,,
20161203025632,129369,14,,,,,,,,,
20161203025632,181438,15,,,,,,,,,
20161203025632,74251,16,,,,,,,,,
20161203025632,48366,17,,,,,,,,,
20161203025632,207626,18,,,,,,,,,
20161203025632,137898,19,,,,,,,,,
20161203025632,189778,20,,,,,,,,,
20170105032527,197514,1,,,,,,,,,
20170105032527,141750,2,,,,,,,,,
20170105032527,185987,3,,,,,,,,,
20170105032527,176196,4,,,,,,,,,
20170105032527,218911,5,,,,,,,,,
20170105032527,217068,6,,,,,,,,,
20170105032527,215096,7,,,,,,,,,
20170105032527,178686,8,,,,,,,,,
20170105032527,236071,9,,,,,,,,,
20170105032527,202842,10,,,,,,,,,
20170105032527,129797,11,,,,,,,,,
20170105032527,129369,12,,,,,,,,,
20170105032527,189778,13,,,,,,,,,
20170105032527,122066,14,,,,,,,,,
20170105032527,74251,15,,,,,,,,,
20170105032527,181438,16,,,,,,,,,
20170105032527,137898,17,,,,,,,,,
20170105032527,207626,18,,,,,,,,,
20170105032527,126290,19,,,,,,,,,
20170105032527,48366,20,,,,,,,,,
20170207224954,255989,1,,,,,,,,,
20170207224954,198688,2,,,,,,,,,
20170207224954,185987,3,,,,,,,,,
20170207224954,178686,4,,,,,,,,,
20170207224954,178619,5,,,,,,,,,
20170207224954,218911,6,,,,,,,,,
20170207224954,247400,7,,,,,,,,,
20170207224954,241798,8,,,,,,,,,
20170207224954,176196,9,,,,,,,,,
20170207224954,149724,10,,,,,,,,,
20170207224954,129797,11,,,,,,,,,
20170207224954,129369,12,,,,,,,,,
20170207224954,252114,13,,,,,,,,,
20170207224954,181438,14,,,,,,,,,
20170207224954,137898,15,,,,,,,,,
20170207224954,122066,16,,,,,,,,,
20170207224954,126290,17,,,,,,,,,
20170207224954,74251,18,,,,,,,,,
20170207224954,207626,19,,,,,,,,,
20170207224954,48366,20,,,,,,,,,
20170301003003,255989,1,,,,,,,,,
20170301003003,257977,2,,,,,,,,,
20170301003003,219392,3,,,,,,,,,
20170301003003,198688,4,,,,,,,,,
20170301003003,178619,5,,,,,,,,,
20170301003003,178686,6,,,,,,,,,
20170301003003,249695,7,,,,,,,,,
20170301003003,239981,8,,,,,,,,,
20170301003003,247400,9,,,,,,,,,
20170301003003,241798,10,,,,,,,,,
20170301003003,129797,11,,,,,,,,,
20170301003003,129369,12,,,,,,,,,
20170301003003,252114,13,,,,,,,,,
20170301003003,181438,14,,,,,,,,,
20170301003003,126290,15,,,,,,,,,
20170301003003,137898,16,,,,,,,,,
20170301003003,74251,17,,,,,,,,,
20170301003003,253505,18,,,,,,,,,
20170301003003,189778,19,,,,,,,,,
20170301003003,216531,20,,,,,,,,,
20170405022722,257977,1,,,,,,,,,
20170405022722,255989,2,,,,,,,,,
20170405022722,141750,3,,,,,,,,,
20170405022722,198688,4,,,,,,,,,
20170405022722,178619,5,,,,,,,,,
20170405022722,263484,6,,,,,,,,,
20170405022722,178686,7,,,,,,,,,
20170405022722,239981,8,,,,,,,,,
20170405022722,236071,9,,,,,,,,,
20170405022722,219392,10,,,,,,,,,
20170405022722,253505,11,,,,,,,,,
20170405022722,129797,12,,,,,,,,,
20170405022722,129369,13,,,,,,,,,
20170405022722,274582,14,,,,,,,,,
20170405022722,252114,15,,,,,,,,,
20170405022722,241533,16,,,,,,,,,
20170405022722,250456,17,,,,,,,,,
20170405022722,126290,18,,,,,,,,,
20170405022722,137898,19,,,,,,,,,
20170405022722,245281,20,,,,,,,,,
20170508174357,278037,1,,,,,,,,,
20170508174357,257977,2,,,,,,,,,
20170508174357,219392,3,,,,,,,,,
20170508174357,178686,4,,,,,,,,,
20170508174357,178619,5,,,,,,,,,
20170508174357,236071,6,,,,,,,,,
20170508174357,255989,7,,,,,,,,,
20170508174357,247400,8,,,,,,,,,
20170508174357,239981,9,,,,,,,,,
20170508174357,280543,10,,,,,,,,,
20170508174357,129797,11,,,,,,,,,
20170508174357,237371,12,,,,,,,,,
20170508174357,252114,13,,,,,,,,,
20170508174357,250456,14,,,,,,,,,
20170508174357,274582,15,,,,,,,,,
20170508174357,210220,16,,,,,,,,,
20170508174357,253505,17,,,,,,,,,
20170508174357,264907,18,,,,,,,,,
20170508174357,269995,19,,,,,,,,,
20170508174357,137898,20,,,,,,,,,
20170608083142,292233,1,,,,,,,,,
20170608083142,278037,2,,,,,,,,,
20170608083142,198688,3,,,,,,,,,
20170608083142,247400,4,,,,,,,,,
20170608083142,141750,5,,,,,,,,,
20170608083142,178686,6,,,,,,,,,
20170608083142,185987,7,,,,,,,,,
20170608083142,226644,8,,,,,,,,,
20170608083142,289272,9,,,,,,,,,
20170608083142,239981,10,,,,,,,,,
20170608083142,237371,11,,,,,,,,,
20170608083142,129797,12,,,,,,,,,
20170608083142,250456,13,,,,,,,,,
20170608083142,269995,14,,,,,,,,,
20170608083142,288497,15,,,,,,,,,
20170608083142,225258,16,,,,,,,,,
20170608083142,274582,17,,,,,,,,,
20170608083142,137898,18,,,,,,,,,
20170608083142,273946,19,,,,,,,,,
20170608083142,269584,20,,,,,,,,,
20170704203906,141750,1,,,88.0,,,,,,
20170704203906,278037,2,,,17.0,,,,,,
20170704203906,178686,3,,,67.0,,,,,,
20170704203906,198688,4,,,86.0,,,,,,
20170704203906,226644,5,,,0.0,,,,,,
20170704203906,247400,6,,,0.0,,,,,,
20170704203906,243624,7,,,0.0,,,,,,
20170704203906,185987,8,,,0.0,,,,,,
20170704203906,289272,9,,,0.0,,,,,,
20170704203906,280543,10,,,0.0,,,,,,
20170704203906,313251,11,,,0.0,,,,,,
20170704203906,218912,12,,,45.0,,,,,,
20170704203906,302229,13,,,26.0,,,,,,
20170704203906,290151,14,,,0.0,,,,,,
20170704203906,218911,15,,,45.0,,,,,,
20170704203906,313750,16,,,0.0,,,,,,
20170704203906,223737,17,,,0.0,,,,,,
20170704203906,221827,18,,,0.0,,,,,,
20170704203906,267606,19,,,0.0,,,,,,
20170704203906,236584,20,,,36.0,,,,,,
20170704203906,319563,21,,,,,,,,,
20170704203906,318522,22,,,,,,,,,
20170704203906,318358,23,,,,,,,,,
20170704203906,318080,24,,,,,,,,,
20170704203906,318065,25,,,,,,,,,
20170704203906,317938,26,,,,,,,,,
20170704203906,317009,27,,,,,,,,,
20170704203906,316698,28,,,,,,,,,
20170704203906,316639,29,,,,,,,,,
20170704203906,316328,30,,,,,,,,,
20170828215545,243624,1,15.0,,40.0,,,,,,
20170828215545,178686,2,-5.0,,75.0,,,,,,
20170828215545,247400,3,9.0,,0.0,,,,,,
20170828215545,226644,4,-1.0,,0.0,,,,,,
20170828215545,280543,5,-9.0,,0.0,,,,,,
20170828215545,231929,6,13.0,,0.0,,,,,,
20170828215545,218912,7,6.0,,0.0,,,,,,
20170828215545,290151,8,-4.0,,0.0,,,,,,
20170828215545,308200,9,24.0,,14.0,,,,,,
20170828215545,313132,10,16.0,,11.0,,,,,,
20170828215545,307917,11,21.0,,142.0,,,,,,
20170828215545,278037,12,24.0,,25.0,,,,,,
20170828215545,259352,13,7.0,,0.0,,,,,,
20170828215545,223758,14,5.0,,0.0,,,,,,
20170828215545,154781,15,4.0,,0.0,,,,,,
20170828215545,149724,16,-6.0,,0.0,,,,,,
20170828215545,309262,17,11.0,,327.0,,,,,,
20170828215545,302229,18,-12.0,,0.0,,,,,,
20170828215545,322051,19,14.0,,0.0,,,,,,
20170828215545,239981,20,-5.0,,0.0,,,,,,
20170828215545,337964,21,,,,,,,,,
20170828215545,337646,22,,,,,,,,,
20170828215545,336984,23,,,,,,,,,
20170828215545,336310,24,,,,,,,,,
20170828215545,336012,25,,,,,,,,,
20170828215545,335954,26,,,,,,,,,
20170828215545,335068,27,,,,,,,,,
20170828215545,334608,28,,,,,,,,,
20170828215545,334514,29,,,,,,,,,
20170828215545,334102,30,,,,,,,,,
20170906075539,243624,1,14.0,,41.0,,,,,,
20170906075539,198688,2,1.0,,453.0,,,,,,
20170906075539,231929,3,20.0,,0.0,,,,,,
20170906075539,178686,4,-14.0,,76.0,,,,,,
20170906075539,247400,5,11.0,,0.0,,,,,,
20170906075539,226644,6,0.0,,0.0,,,,,,
20170906075539,285218,7,5.0,,293.0,,,,,,
20170906075539,313132,8,30.0,,12.0,,,,,,
20170906075539,280543,9,-10.0,,0.0,,,,,,
20170906075539,308200,10,24.0,,15.0,,,,,,
20170906075539,239981,11,33.0,,0.0,,,,,,
20170906075539,218912,12,6.0,,0.0,,,,,,
20170906075539,217068,13,22.0,,0.0,,,,,,
20170906075539,290151,14,-9.0,,0.0,,,,,,
20170906075539,259352,15,8.0,,0.0,,,,,,
20170906075539,223758,16,6.0,,0.0,,,,,,
20170906075539,302229,17,1.0,,0.0,,,,,,
20170906075539,149724,18,-1.0,,0.0,,,,,,
20170906075539,154781,19,5.0,,0.0,,,,,,
20170906075539,322051,20,42.0,,0.0,,,,,,
20170906075539,339422,21,,,,,,,,,
20170906075539,339363,22,,,,,,,,,
20170906075539,338499,23,,,,,,,,,
20170906075539,336688,24,,,,,,,,,
20170906075539,336176,25,,,,,,,,,
20170906075539,336012,26,,,,,,,,,
20170906075539,335961,27,,,,,,,,,
20170906075539,335954,28,,,,,,,,,
20170906075539,335068,29,,,,,,,,,
20170906075539,334608,30,,,,,,,,,
20171003222127,243624,1,8.0,,45.0,,,,,,
20171003222127,308200,2,32.0,,19.0,,,,,,
20171003222127,141750,3,51.0,,0.0,,,,,,
20171003222127,198688,4,-9.0,,415.0,,,,,,
20171003222127,226644,5,-3.0,,0.0,,,,,,
20171003222127,278037,6,52.0,,30.0,,,,,,
20171003222127,285218,7,-5.0,,276.0,,,,,,
20171003222127,322051,8,9.0,,0.0,,,,,,
20171003222127,239981,9,23.0,,0.0,,,,,,
20171003222127,328938,10,16.0,,0.0,,,,,,
20171003222127,223758,11,27.0,,0.0,,,,,,
20171003222127,247400,12,-33.0,,408.0,,,,,,
20171003222127,259352,13,11.0,,271.0,,,,,,
20171003222127,154781,14,6.0,,0.0,,,,,,
20171003222127,149724,15,13.0,,0.0,,,,,,
20171003222127,310623,16,44.0,,0.0,,,,,,
20171003222127,340755,17,66.0,,4.0,,,,,,
20171003222127,336012,18,-1.0,,10.0,,,,,,
20171003222127,326426,19,12.0,,0.0,,,,,,
20171003222127,286171,20,7.0,,0.0,,,,,,
20171003222127,350683,21,,,,,,,,,
20171003222127,348617,22,,,,,,,,,
20171003222127,348116,23,,,,,,,,,
20171003222127,347820,24,,,,,,,,,
20171003222127,347283,25,,,,,,,,,
20171003222127,347238,26,,,,,,,,,
20171003222127,347225,27,,,,,,,,,
20171003222127,346077,28,,,,,,,,,
20171003222127,346009,29,,,,,,,,,
20171003222127,345791,30,,,,,,,,,
20180713184413,427657,1,233.0,Growth since 2016,0.0,,,,,,
20180713184413,343265,2,71.0,Growth since 2017,0.0,,,,,,
20180713184413,353044,3,39.0,Growth since 2017,0.0,,,,,,
20180713184413,430998,4,49.0,Growth since 2018,0.0,,,,,,
20180713184413,303077,5,31.0,Growth since 2017,0.0,,,,,,
20180713184413,434519,6,32.0,Growth since 2018,0.0,,,,,,
20180713184413,398280,7,40.0,Growth since 2018,4.0,,,,,,
20180713184413,435216,8,22.0,Growth since 2018,0.0,,,,,,
20180713184413,344551,9,13.0,Growth since 2017,0.0,,,,,,
20180713184413,434420,10,22.0,Growth since 2015,0.0,,,,,,
20180713184413,439632,11,9.0,Growth since 2018,0.0,,,,,,
20180713184413,341952,12,9.0,Growth since 2017,0.0,,,,,,
20180713184413,347572,13,677.0,Growth since 2017,52.0,,,,,,
20180713184413,308200,14,726.0,Growth since 2017,25.0,,,,,,
20180713184413,420708,15,899.0,Growth since 2018,21.0,,,,,,
20180713184413,359383,16,291.0,Growth since 2017,17.0,,,,,,
20180713184413,405821,17,54.0,Growth since 2018,11.0,,,,,,
20180713184413,340464,18,128.0,Growth since 2017,5.0,,,,,,
20180713184413,382130,19,204.0,Growth since 2017,3.0,,,,,,
20180713184413,444643,20,126.0,Growth since 2018,3.0,,,,,,
20180713184413,313294,21,37.0,Growth since 2017,3.0,,,,,,
20180713184413,428061,22,79.0,Growth since 2018,2.0,,,,,,
20180713184413,400751,23,162.0,Growth since 2017,1.0,,,,,,
20180713184413,345799,24,204.0,Growth since 2017,0.0,,,,,,
20180713184413,410467,25,199.0,Growth since 2018,0.0,,,,,,
20180713184413,415765,26,194.0,Growth since 2017,0.0,,,,,,
20180713184413,373135,27,278.0,Growth since 2017,0.0,,,,,,
20180713184413,424909,28,128.0,Growth since 2018,1.0,,,,,,
20180713184413,377775,29,98.0,Growth since 2017,0.0,,,,,,
20180713184413,347283,30,71.0,Growth since 2017,1.0,,,,,,
20180713184413,441148,31,70.0,Growth since 2018,0.0,,,,,,
20180713184413,440043,32,48.0,Growth since 2018,0.0,,,,,,
20180713184413,442988,33,44.0,Growth since 2016,0.0,,,,,,
20180713184413,440579,34,27.0,Growth since 2018,0.0,,,,,,
20180713184413,442781,35,186.0,Growth since 2018,0.0,,,,,,
20180713184413,442634,36,27.0,Growth since 2018,0.0,,,,,,
20180713184413,442273,37,12.0,Growth since 2018,0.0,,,,,,
20180713184413,442937,38,7.0,Growth since 2018,0.0,,,,,,
20180713184413,444606,39,8.0,Growth since 2018,0.0,,,,,,
20180713184413,439262,40,21.0,Growth since 2018,0.0,,,,,,
20180713184413,442832,41,62.0,Growth since 2018,0.0,,,,,,
20180713184413,306532,42,,,,,,,,,
20180811183210,398280,1,81.0,Growth since 2018,7.0,,,,,,
20180811183210,343265,2,83.0,Growth since 2017,0.0,,,,,,
20180811183210,426487,3,54.0,Growth since 2018,0.0,,,,,,
20180811183210,435960,4,40.0,Growth since 2018,1.0,,,,,,
20180811183210,430998,5,38.0,Growth since 2018,0.0,,,,,,
20180811183210,450015,6,44.0,Growth since 2018,0.0,,,,,,
20180811183210,353044,7,56.0,Growth since 2017,1.0,,,,,,
20180811183210,226380,8,76.0,Growth since 2016,0.0,,,,,,
20180811183210,344551,9,14.0,Growth since 2017,0.0,,,,,,
20180811183210,434420,10,18.0,Growth since 2015,0.0,,,,,,
20180811183210,434547,11,25.0,Growth since 2018,0.0,,,,,,
20180811183210,441664,12,2.0,Growth since 2018,0.0,,,,,,
20180811183210,347572,13,691.0,Growth since 2017,40.0,,,,,,
20180811183210,308200,14,755.0,Growth since 2017,14.0,,,,,,
20180811183210,453470,15,69.0,Growth since 2018,9.0,,,,,,
20180811183210,442579,16,271.0,Growth since 2018,7.0,,,,,,
20180811183210,432653,17,212.0,Growth since 2018,6.0,,,,,,
20180811183210,444643,18,157.0,Growth since 2018,4.0,,,,,,
20180811183210,377775,19,109.0,Growth since 2017,2.0,,,,,,
20180811183210,459009,20,-10.0,Growth since 2018,2.0,,,,,,
20180811183210,400751,21,169.0,Growth since 2017,1.0,,,,,,
20180811183210,410467,22,164.0,Growth since 2018,1.0,,,,,,
20180811183210,340464,23,155.0,Growth since 2017,1.0,,,,,,
20180811183210,345799,24,224.0,Growth since 2017,0.0,,,,,,
20180811183210,415765,25,222.0,Growth since 2017,0.0,,,,,,
20180811183210,428585,26,186.0,Growth since 2018,0.0,,,,,,
20180811183210,373135,27,309.0,Growth since 2017,0.0,,,,,,
20180811183210,444776,28,118.0,Growth since 2018,0.0,,,,,,
20180811183210,405821,29,88.0,Growth since 2018,1.0,,,,,,
20180811183210,451435,30,99.0,Growth since 2018,0.0,,,,,,
20180811183210,450242,31,117.0,Growth since 2018,0.0,,,,,,
20180811183210,448435,32,33.0,Growth since 2018,0.0,,,,,,
20180811183210,454166,33,35.0,Growth since 2018,0.0,,,,,,
20180811183210,456071,34,24.0,Growth since 2018,0.0,,,,,,
20180811183210,452834,35,12.0,Growth since 2018,0.0,,,,,,
20180811183210,455349,36,8.0,Growth since 2018,0.0,,,,,,
20180811183210,452008,37,29.0,Growth since 2018,0.0,,,,,,
20180811183210,458565,38,13.0,Growth since 2018,0.0,,,,,,
20180811183210,452431,39,44.0,Growth since 2018,0.0,,,,,,
20180811183210,453888,40,44.0,Growth since 2018,0.0,,,,,,
20180811183210,306532,41,,,,,,,,,
20180903190932,398280,1,90.0,Growth since 2018,20.0,,,,,,
20180903190932,418220,2,143.0,Growth since 2018,0.0,,,,,,
20180903190932,343265,3,86.0,Growth since 2017,0.0,,,,,,
20180903190932,353044,4,50.0,Growth since 2017,0.0,,,,,,
20180903190932,426487,5,53.0,Growth since 2018,0.0,,,,,,
20180903190932,430998,6,42.0,Growth since 2018,0.0,,,,,,
20180903190932,223737,7,175.0,Growth since 2016,0.0,,,,,,
20180903190932,450015,8,44.0,Growth since 2018,0.0,,,,,,
20180903190932,413593,9,10.0,Growth since 2018,0.0,,,,,,
20180903190932,381159,10,16.0,Growth since 2018,0.0,,,,,,
20180903190932,344551,11,14.0,Growth since 2017,0.0,,,,,,
20180903190932,428282,12,38.0,Growth since 2018,0.0,,,,,,
20180903190932,308200,13,903.0,Growth since 2017,25.0,,,,,,
20180903190932,442579,14,218.0,Growth since 2018,17.0,,,,,,
20180903190932,453470,15,98.0,Growth since 2018,7.0,,,,,,
20180903190932,318522,16,452.0,Growth since 2017,5.0,,,,,,
20180903190932,437504,17,326.0,Growth since 2018,4.0,,,,,,
20180903190932,437713,18,,Growth since 2018,4.0,,,,,,
20180903190932,405821,19,128.0,Growth since 2018,3.0,,,,,,
20180903190932,432653,20,270.0,Growth since 2018,3.0,,,,,,
20180903190932,408020,21,66.0,Growth since 2018,3.0,,,,,,
20180903190932,345799,22,247.0,Growth since 2017,2.0,,,,,,
20180903190932,400751,23,176.0,Growth since 2017,2.0,,,,,,
20180903190932,340464,24,163.0,Growth since 2017,2.0,,,,,,
20180903190932,444776,25,176.0,Growth since 2018,0.0,,,,,,
20180903190932,446572,26,339.0,Growth since 2018,2.0,,,,,,
20180903190932,373135,27,337.0,Growth since 2017,0.0,,,,,,
20180903190932,436863,28,141.0,Growth since 2018,0.0,,,,,,
20180903190932,434895,29,97.0,Growth since 2018,0.0,,,,,,
20180903190932,347283,30,86.0,Growth since 2017,1.0,,,,,,
20180903190932,456071,31,72.0,Growth since 2018,0.0,,,,,,
20180903190932,459800,32,329.0,Growth since 2018,0.0,,,,,,
20180903190932,467102,33,277.0,Growth since 2018,1.0,,,,,,
20180903190932,459635,34,35.0,Growth since 2018,0.0,,,,,,
20180903190932,462148,35,30.0,Growth since 2018,0.0,,,,,,
20180903190932,460148,36,31.0,Growth since 2018,0.0,,,,,,
20180903190932,460444,37,22.0,Growth since 2018,0.0,,,,,,
20180903190932,464571,38,39.0,Growth since 2018,0.0,,,,,,
20180903190932,465765,39,91.0,Growth since 2018,0.0,,,,,,
20180903190932,464821,40,259.0,Growth since 2018,0.0,,,,,,
20180903190932,461393,41,15.0,Growth since 2018,0.0,,,,,,
20180903190932,467866,42,110.0,Growth since 2018,0.0,,,,,,
20180903190932,306532,43,,,,,,,,,
20181009041204,428416,1,97.0,Growth since 2018,30.0,,,,,,
20181009041204,343265,2,95.0,Growth since 2017,5.0,,,,,,
20181009041204,353044,3,56.0,Growth since 2017,0.0,,,,,,
20181009041204,430998,4,39.0,Growth since 2018,0.0,,,,,,
20181009041204,303077,5,34.0,Growth since 2017,0.0,,,,,,
20181009041204,450015,6,32.0,Growth since 2018,0.0,,,,,,
20181009041204,468038,7,84.0,Growth since 2018,0.0,,,,,,
20181009041204,428282,8,40.0,Growth since 2018,0.0,,,,,,
20181009041204,467449,9,21.0,Growth since 2018,0.0,,,,,,
20181009041204,444672,10,15.0,Growth since 2018,0.0,,,,,,
20181009041204,458940,11,25.0,Growth since 2018,0.0,,,,,,
20181009041204,446812,12,11.0,Growth since 2018,0.0,,,,,,
20181009041204,398280,13,132.0,Growth since 2018,48.0,,,,,,
20181009041204,308200,14,960.0,Growth since 2017,27.0,,,,,,
20181009041204,323326,15,45.0,Growth since 2018,17.0,,,,,,
20181009041204,400751,16,179.0,Growth since 2017,10.0,,,,,,
20181009041204,318522,17,535.0,Growth since 2017,9.0,,,,,,
20181009041204,453470,18,105.0,Growth since 2018,9.0,,,,,,
20181009041204,467102,19,364.0,Growth since 2018,7.0,,,,,,
20181009041204,454742,20,198.0,Growth since 2018,7.0,,,,,,
20181009041204,340464,21,168.0,Growth since 2017,4.0,,,,,,
20181009041204,442579,22,26.0,Growth since 2018,4.0,,,,,,
20181009041204,223758,23,235.0,Growth since 2016,3.0,,,,,,
20181009041204,446572,24,346.0,Growth since 2018,1.0,,,,,,
20181009041204,345799,25,247.0,Growth since 2017,0.0,,,,,,
20181009041204,444776,26,208.0,Growth since 2018,0.0,,,,,,
20181009041204,410467,27,307.0,Growth since 2018,1.0,,,,,,
20181009041204,373135,28,380.0,Growth since 2017,0.0,,,,,,
20181009041204,434895,29,137.0,Growth since 2018,1.0,,,,,,
20181009041204,377775,30,135.0,Growth since 2017,0.0,,,,,,
20181009041204,444235,31,131.0,Growth since 2018,1.0,,,,,,
20181009041204,459800,32,277.0,Growth since 2018,0.0,,,,,,
20181009041204,471099,33,18.0,Growth since 2018,0.0,,,,,,
20181009041204,470789,34,18.0,Growth since 2018,0.0,,,,,,
20181009041204,470681,35,12.0,Growth since 2018,0.0,,,,,,
20181009041204,475088,36,17.0,Growth since 2018,0.0,,,,,,
20181009041204,478320,37,40.0,Growth since 2018,0.0,,,,,,
20181009041204,477897,38,10.0,Growth since 2018,0.0,,,,,,
20181009041204,472650,39,8.0,Growth since 2018,0.0,,,,,,
20181009041204,477756,40,8.0,Growth since 2018,0.0,,,,,,
20181009041204,472124,41,29.0,Growth since 2018,0.0,,,,,,
20181009041204,480111,42,8.0,Growth since 2018,0.0,,,,,,
20181009041204,478991,43,27.0,Growth since 2018,0.0,,,,,,
20181009041204,476340,44,2.0,Growth since 2018,0.0,,,,,,
20181009041204,306532,45,,,,,,,,,
20181120193012,428416,1,135.0,Growth since 2018,23.0,,,,,,
20181120193012,444235,2,137.0,Growth since 2018,4.0,,,,,,
20181120193012,343265,3,107.0,Growth since 2017,2.0,,,,,,
20181120193012,428282,4,69.0,Growth since 2018,0.0,,,,,,
20181120193012,353044,5,52.0,Growth since 2017,0.0,,,,,,
20181120193012,441914,6,50.0,Growth since 2018,0.0,,,,,,
20181120193012,268701,7,75.0,Growth since 2017,0.0,,,,,,
20181120193012,450015,8,39.0,Growth since 2018,0.0,,,,,,
20181120193012,490747,9,23.0,Growth since 2018,0.0,,,,,,
20181120193012,430998,10,14.0,Growth since 2018,0.0,,,,,,
20181120193012,468038,11,72.0,Growth since 2018,0.0,,,,,,
20181120193012,480023,12,42.0,Growth since 2018,0.0,,,,,,
20181120193012,398280,13,190.0,Growth since 2018,75.0,,,,,,
20181120193012,454742,14,310.0,Growth since 2018,27.0,,,,,,
20181120193012,308200,15,993.0,Growth since 2017,22.0,,,,,,
20181120193012,437504,16,641.0,Growth since 2018,21.0,,,,,,
20181120193012,400751,17,221.0,Growth since 2017,16.0,,,,,,
20181120193012,467102,18,452.0,Growth since 2018,14.0,,,,,,
20181120193012,453470,19,157.0,Growth since 2018,11.0,,,,,,
20181120193012,323326,20,52.0,Growth since 2018,9.0,,,,,,
20181120193012,453780,21,366.0,Growth since 2018,5.0,,,,,,
20181120193012,323608,22,,Growth since 2017,5.0,,,,,,
20181120193012,467943,23,,Growth since 2018,3.0,,,,,,
20181120193012,446572,24,428.0,Growth since 2018,0.0,,,,,,
20181120193012,492018,25,561.0,Growth since 2018,0.0,,,,,,
20181120193012,345799,26,273.0,Growth since 2017,0.0,,,,,,
20181120193012,373135,27,417.0,Growth since 2017,0.0,,,,,,
20181120193012,340464,28,156.0,Growth since 2017,2.0,,,,,,
20181120193012,439262,29,150.0,Growth since 2018,3.0,,,,,,
20181120193012,452834,30,166.0,Growth since 2018,1.0,,,,,,
20181120193012,377775,31,159.0,Growth since 2017,1.0,,,,,,
20181120193012,493203,32,44.0,Growth since 2018,0.0,,,,,,
20181120193012,496016,33,36.0,Growth since 2018,0.0,,,,,,
20181120193012,493027,34,27.0,Growth since 2018,0.0,,,,,,
20181120193012,492579,35,7.0,Growth since 2018,0.0,,,,,,
20181120193012,496236,36,13.0,Growth since 2018,0.0,,,,,,
20181120193012,499217,37,32.0,Growth since 2018,1.0,,,,,,
20181120193012,491054,38,27.0,Growth since 2018,0.0,,,,,,
20181120193012,493044,39,14.0,Growth since 2018,0.0,,,,,,
20181120193012,494600,40,6.0,Growth since 2018,0.0,,,,,,
20181120193012,490532,41,3.0,Growth since 2018,0.0,,,,,,
20181120193012,306532,42,,,,,,,,,
20181202160427,428416,1,144.0,Growth since 2018,26.0,,,,,,
20181202160427,343265,2,110.0,Growth since 2017,2.0,,,,,,
20181202160427,457342,3,83.0,Growth since 2018,0.0,,,,,,
20181202160427,428282,4,76.0,Growth since 2018,0.0,,,,,,
20181202160427,444235,5,140.0,Growth since 2018,3.0,,,,,,
20181202160427,353044,6,52.0,Growth since 2017,0.0,,,,,,
20181202160427,441914,7,50.0,Growth since 2018,0.0,,,,,,
20181202160427,268701,8,77.0,Growth since 2017,0.0,,,,,,
20181202160427,450015,9,48.0,Growth since 2018,0.0,,,,,,
20181202160427,442244,10,35.0,Growth since 2018,0.0,,,,,,
20181202160427,498977,11,36.0,Growth since 2018,0.0,,,,,,
20181202160427,430998,12,14.0,Growth since 2018,0.0,,,,,,
20181202160427,398280,13,188.0,Growth since 2018,88.0,,,,,,
20181202160427,454742,14,348.0,Growth since 2018,45.0,,,,,,
20181202160427,437504,15,658.0,Growth since 2018,32.0,,,,,,
20181202160427,467102,16,482.0,Growth since 2018,15.0,,,,,,
20181202160427,400751,17,225.0,Growth since 2017,12.0,,,,,,
20181202160427,308200,18,998.0,Growth since 2017,11.0,,,,,,
20181202160427,453470,19,149.0,Growth since 2018,9.0,,,,,,
20181202160427,472656,20,432.0,Growth since 2017,5.0,,,,,,
20181202160427,467943,21,0.0,Growth since 2018,5.0,,,,,,
20181202160427,439262,22,158.0,Growth since 2018,3.0,,,,,,
20181202160427,340464,23,168.0,Growth since 2017,2.0,,,,,,
20181202160427,446572,24,433.0,Growth since 2018,0.0,,,,,,
20181202160427,487362,25,420.0,Growth since 2018,1.0,,,,,,
20181202160427,452834,26,205.0,Growth since 2018,1.0,,,,,,
20181202160427,373135,27,422.0,Growth since 2017,0.0,,,,,,
20181202160427,299565,28,184.0,Growth since 2017,0.0,,,,,,
20181202160427,377775,29,164.0,Growth since 2017,1.0,,,,,,
20181202160427,496236,30,9.0,Growth since 2018,0.0,,,,,,
20181202160427,499039,31,19.0,Growth since 2018,0.0,,,,,,
20181202160427,497242,32,10.0,Growth since 2018,0.0,,,,,,
20181202160427,498174,33,7.0,Growth since 2018,0.0,,,,,,
20181202160427,498405,34,6.0,Growth since 2018,0.0,,,,,,
20181202160427,500965,35,13.0,Growth since 2018,0.0,,,,,,
20181202160427,498749,36,21.0,Growth since 2018,0.0,,,,,,
20181202160427,500477,37,15.0,Growth since 2018,0.0,,,,,,
20181202160427,502203,38,8.0,Growth since 2018,0.0,,,,,,
20181202160427,503495,39,15.0,Growth since 2018,0.0,,,,,,
20181202160427,502783,40,8.0,Growth since 2018,0.0,,,,,,
20181202160427,497038,41,4.0,Growth since 2018,0.0,,,,,,
20181202160427,306532,42,,,,,,,,,
20190106183346,428416,1,146.0,Growth since 2018,24.0,,,,,,
20190106183346,343265,2,114.0,Growth since 2017,9.0,,,,,,
20190106183346,467449,3,124.0,Growth since 2018,2.0,,,,,,
20190106183346,428282,4,81.0,Growth since 2018,1.0,,,,,,
20190106183346,441914,5,41.0,Growth since 2018,0.0,,,,,,
20190106183346,353044,6,27.0,Growth since 2017,0.0,,,,,,
20190106183346,512129,7,29.0,Growth since 2018,0.0,,,,,,
20190106183346,508902,8,28.0,Growth since 2018,0.0,,,,,,
20190106183346,484264,9,39.0,Growth since 2018,0.0,,,,,,
20190106183346,512133,10,13.0,Growth since 2018,1.0,,,,,,
20190106183346,517070,11,17.0,Growth since 2018,0.0,,,,,,
20190106183346,469771,12,8.0,Growth since 2018,0.0,,,,,,
20190106183346,398280,13,196.0,Growth since 2018,80.0,,,,,,
20190106183346,454742,14,386.0,Growth since 2018,33.0,,,,,,
20190106183346,467943,15,37.0,Growth since 2018,19.0,,,,,,
20190106183346,308200,16,,Growth since 2017,13.0,,,,,,
20190106183346,492018,17,701.0,Growth since 2018,5.0,,,,,,
20190106183346,453780,18,567.0,Growth since 2018,4.0,,,,,,
20190106183346,487362,19,470.0,Growth since 2018,2.0,,,,,,
20190106183346,412263,20,126.0,Growth since 2018,2.0,,,,,,
20190106183346,501431,21,38.0,Growth since 2018,2.0,,,,,,
20190106183346,377775,22,193.0,Growth since 2017,2.0,,,,,,
20190106183346,446572,23,456.0,Growth since 2018,0.0,,,,,,
20190106183346,467102,24,532.0,Growth since 2018,1.0,,,,,,
20190106183346,373135,25,462.0,Growth since 2017,0.0,,,,,,
20190106183346,345799,26,289.0,Growth since 2017,0.0,,,,,,
20190106183346,340464,27,125.0,Growth since 2017,1.0,,,,,,
20190106183346,431163,28,115.0,Growth since 2018,1.0,,,,,,
20190106183346,344413,29,89.0,Growth since 2017,0.0,,,,,,
20190106183346,347283,30,103.0,Growth since 2017,0.0,,,,,,
20190106183346,461626,31,90.0,Growth since 2018,0.0,,,,,,
20190106183346,515120,32,53.0,Growth since 2018,0.0,,,,,,
20190106183346,511664,33,38.0,Growth since 2018,0.0,,,,,,
20190106183346,509931,34,40.0,Growth since 2018,0.0,,,,,,
20190106183346,515402,35,28.0,Growth since 2018,0.0,,,,,,
20190106183346,517064,36,35.0,Growth since 2018,0.0,,,,,,
20190106183346,513520,37,21.0,Growth since 2018,0.0,,,,,,
20190106183346,520961,38,,Growth since 2018,0.0,,,,,,
20190106183346,519759,39,36.0,Growth since 2018,0.0,,,,,,
20190106183346,516409,40,40.0,Growth since 2018,0.0,,,,,,
20190106183346,512386,41,11.0,Growth since 2018,0.0,,,,,,
20190106183346,306532,42,,,,,,,,,
20190202174450,343265,1,112.0,Growth since 2017,11.0,,,,,,
20190202174450,428416,2,118.0,Growth since 2018,9.0,,,,,,
20190202174450,523106,3,84.0,Growth since 2018,19.0,,,,,,
20190202174450,426741,4,300.0,Growth since 2018,1.0,,,,,,
20190202174450,428282,5,71.0,Growth since 2018,0.0,,,,,,
20190202174450,444235,6,61.0,Growth since 2018,0.0,,,,,,
20190202174450,434519,7,52.0,Growth since 2018,0.0,,,,,,
20190202174450,441914,8,41.0,Growth since 2018,0.0,,,,,,
20190202174450,484175,9,109.0,Growth since 2018,0.0,,,,,,
20190202174450,450015,10,43.0,Growth since 2018,0.0,,,,,,
20190202174450,398205,11,27.0,Growth since 2018,0.0,,,,,,
20190202174450,268701,12,66.0,Growth since 2017,0.0,,,,,,
20190202174450,454742,13,446.0,Growth since 2018,64.0,,,,,,
20190202174450,398280,14,8.0,Growth since 2018,28.0,,,,,,
20190202174450,492018,15,,Growth since 2018,23.0,,,,,,
20190202174450,487362,16,588.0,Growth since 2018,14.0,,,,,,
20190202174450,308200,17,,Growth since 2017,11.0,,,,,,
20190202174450,467943,18,-51.0,Growth since 2018,11.0,,,,,,
20190202174450,525441,19,4.0,Growth since 2019,10.0,,,,,,
20190202174450,453780,20,637.0,Growth since 2018,8.0,,,,,,
20190202174450,486658,21,126.0,Growth since 2018,5.0,,,,,,
20190202174450,501431,22,32.0,Growth since 2018,4.0,,,,,,
20190202174450,446572,23,574.0,Growth since 2018,0.0,,,,,,
20190202174450,345799,24,307.0,Growth since 2017,1.0,,,,,,
20190202174450,377775,25,211.0,Growth since 2017,0.0,,,,,,
20190202174450,517729,26,181.0,Growth since 2018,0.0,,,,,,
20190202174450,340464,27,139.0,Growth since 2017,0.0,,,,,,
20190202174450,431163,28,137.0,Growth since 2018,0.0,,,,,,
20190202174450,522753,29,39.0,Growth since 2019,0.0,,,,,,
20190202174450,526618,30,47.0,Growth since 2019,0.0,,,,,,
20190202174450,522456,31,39.0,Growth since 2018,0.0,,,,,,
20190202174450,521064,32,21.0,Growth since 2019,0.0,,,,,,
20190202174450,522159,33,18.0,Growth since 2019,0.0,,,,,,
20190202174450,524461,34,28.0,Growth since 2019,0.0,,,,,,
20190202174450,520252,35,44.0,Growth since 2019,0.0,,,,,,
20190202174450,532445,36,59.0,Growth since 2018,0.0,,,,,,
20190202174450,523616,37,26.0,Growth since 2019,0.0,,,,,,
20190202174450,523284,38,51.0,Growth since 2018,1.0,,,,,,
20190202174450,526500,39,610.0,Growth since 2018,4.0,,,,,,
20190202174450,306532,40,,,,,,,,,
20190302191238,343265,1,115.0,Growth since 2017,7.0,,,,,,
20190302191238,426741,2,332.0,Growth since 2018,1.0,,,,,,
20190302191238,428416,3,124.0,Growth since 2018,2.0,,,,,,
20190302191238,428282,4,56.0,Growth since 2018,0.0,,,,,,
20190302191238,434519,5,54.0,Growth since 2018,0.0,,,,,,
20190302191238,534505,6,72.0,Growth since 2019,1.0,,,,,,
20190302191238,441914,7,43.0,Growth since 2018,0.0,,,,,,
20190302191238,499940,8,35.0,Growth since 2018,0.0,,,,,,
20190302191238,484264,9,140.0,Growth since 2018,0.0,,,,,,
20190302191238,268701,10,69.0,Growth since 2017,0.0,,,,,,
20190302191238,398205,11,27.0,Growth since 2018,0.0,,,,,,
20190302191238,517070,12,26.0,Growth since 2018,0.0,,,,,,
20190302191238,523106,13,112.0,Growth since 2018,66.0,,,,,,
20190302191238,487362,14,615.0,Growth since 2018,54.0,,,,,,
20190302191238,541035,15,19.0,Growth since 2019,10.0,,,,,,
20190302191238,498052,16,141.0,Growth since 2018,6.0,,,,,,
20190302191238,525441,17,-1.0,Growth since 2019,6.0,,,,,,
20190302191238,467943,18,-18.0,Growth since 2018,6.0,,,,,,
20190302191238,533484,19,5.0,Growth since 2019,5.0,,,,,,
20190302191238,453780,20,319.0,Growth since 2018,4.0,,,,,,
20190302191238,438395,21,,Growth since 2018,4.0,,,,,,
20190302191238,440281,22,,Growth since 2018,4.0,,,,,,
20190302191238,390719,23,72.0,Growth since 2018,4.0,,,,,,
20190302191238,446572,24,590.0,Growth since 2018,1.0,,,,,,
20190302191238,451006,25,379.0,Growth since 2018,0.0,,,,,,
20190302191238,299565,26,270.0,Growth since 2017,0.0,,,,,,
20190302191238,345799,27,314.0,Growth since 2017,0.0,,,,,,
20190302191238,377775,28,186.0,Growth since 2017,0.0,,,,,,
20190302191238,340464,29,142.0,Growth since 2017,0.0,,,,,,
20190302191238,498977,30,131.0,Growth since 2018,0.0,,,,,,
20190302191238,461626,31,106.0,Growth since 2018,0.0,,,,,,
20190302191238,537230,32,93.0,Growth since 2018,0.0,,,,,,
20190302191238,536633,33,28.0,Growth since 2018,0.0,,,,,,
20190302191238,542439,34,42.0,Growth since 2018,0.0,,,,,,
20190302191238,542783,35,49.0,Growth since 2019,0.0,,,,,,
20190302191238,538253,36,15.0,Growth since 2019,0.0,,,,,,
20190302191238,537713,37,18.0,Growth since 2019,0.0,,,,,,
20190302191238,540692,38,21.0,Growth since 2019,0.0,,,,,,
20190302191238,541163,39,11.0,Growth since 2019,0.0,,,,,,
20190302191238,540191,40,37.0,Growth since 2019,0.0,,,,,,
20190302191238,536957,41,42.0,Growth since 2019,0.0,,,,,,
20190302191238,541760,42,16.0,Growth since 2019,0.0,,,,,,
20190401142537,426741,1,120.0,Growth since 2018,0.0,,,,,,
20190401142537,343265,2,112.0,Growth since 2017,1.0,,,,,,
20190401142537,408020,3,185.0,Growth since 2018,0.0,,,,,,
20190401142537,428282,4,68.0,Growth since 2018,0.0,,,,,,
20190401142537,555938,5,113.0,Growth since 2018,0.0,,,,,,
20190401142537,428416,6,119.0,Growth since 2018,0.0,,,,,,
20190401142537,540194,7,84.0,Growth since 2019,0.0,,,,,,
20190401142537,494085,8,81.0,Growth since 2018,0.0,,,,,,
20190401142537,434519,9,40.0,Growth since 2018,0.0,,,,,,
20190401142537,441914,10,31.0,Growth since 2018,0.0,,,,,,
20190401142537,499940,11,29.0,Growth since 2018,0.0,,,,,,
20190401142537,521978,12,26.0,Growth since 2019,0.0,,,,,,
20190401142537,523106,13,122.0,Growth since 2018,71.0,,,,,,
20190401142537,487362,14,645.0,Growth since 2018,35.0,,,,,,
20190401142537,557399,15,-30.0,Growth since 2019,22.0,,,,,,
20190401142537,541035,16,25.0,Growth since 2019,18.0,,,,,,
20190401142537,492018,17,,Growth since 2018,8.0,,,,,,
20190401142537,558116,18,1.0,Growth since 2019,7.0,,,,,,
20190401142537,484612,19,104.0,Growth since 2018,6.0,,,,,,
20190401142537,390719,20,85.0,Growth since 2018,6.0,,,,,,
20190401142537,512224,21,165.0,Growth since 2018,4.0,,,,,,
20190401142537,440281,22,,Growth since 2018,4.0,,,,,,
20190401142537,437731,23,88.0,Growth since 2018,3.0,,,,,,
20190401142537,478901,24,186.0,Growth since 2018,3.0,,,,,,
20190401142537,446572,25,690.0,Growth since 2018,1.0,,,,,,
20190401142537,451006,26,394.0,Growth since 2018,1.0,,,,,,
20190401142537,377775,27,211.0,Growth since 2017,0.0,,,,,,
20190401142537,373135,28,479.0,Growth since 2017,0.0,,,,,,
20190401142537,531344,29,141.0,Growth since 2018,0.0,,,,,,
20190401142537,514895,30,136.0,Growth since 2018,1.0,,,,,,
20190401142537,522753,31,147.0,Growth since 2019,0.0,,,,,,
20190401142537,461626,32,115.0,Growth since 2018,0.0,,,,,,
20190401142537,554813,33,232.0,Growth since 2018,0.0,,,,,,
20190401142537,550680,34,51.0,Growth since 2018,0.0,,,,,,
20190401142537,559474,35,460.0,Growth since 2018,0.0,,,,,,
20190401142537,551763,36,49.0,Growth since 2019,0.0,,,,,,
20190401142537,559593,37,105.0,Growth since 2019,0.0,,,,,,
20190401142537,553932,38,291.0,Growth since 2018,1.0,,,,,,
20190401142537,554197,39,57.0,Growth since 2019,0.0,,,,,,
20190401142537,558405,40,50.0,Growth since 2019,1.0,,,,,,
20190401142537,561919,41,107.0,Growth since 2019,0.0,,,,,,
20190401142537,549781,42,13.0,Growth since 2019,0.0,,,,,,
20190401142537,548400,43,139.0,Growth since 2018,0.0,,,,,,
20190504175924,426741,1,150.0,Growth since 2018,0.0,,,,,,
20190504175924,428416,2,153.0,Growth since 2018,0.0,,,,,,
20190504175924,408020,3,193.0,Growth since 2018,0.0,,,,,,
20190504175924,555938,4,117.0,Growth since 2018,0.0,,,,,,
20190504175924,343265,5,107.0,Growth since 2017,0.0,,,,,,
20190504175924,426487,6,72.0,Growth since 2018,0.0,,,,,,
20190504175924,428282,7,71.0,Growth since 2018,0.0,,,,,,
20190504175924,521978,8,43.0,Growth since 2019,0.0,,,,,,
20190504175924,450015,9,38.0,Growth since 2018,0.0,,,,,,
20190504175924,435960,10,55.0,Growth since 2018,0.0,,,,,,
20190504175924,543558,11,29.0,Growth since 2019,0.0,,,,,,
20190504175924,570746,12,271.0,Growth since 2018,0.0,,,,,,
20190504175924,487362,13,660.0,Growth since 2018,30.0,,,,,,
20190504175924,523106,14,95.0,Growth since 2018,20.0,,,,,,
20190504175924,541035,15,23.0,Growth since 2019,9.0,,,,,,
20190504175924,478901,16,217.0,Growth since 2018,7.0,,,,,,
20190504175924,440281,17,,Growth since 2018,7.0,,,,,,
20190504175924,558116,18,52.0,Growth since 2019,6.0,,,,,,
20190504175924,390719,19,94.0,Growth since 2018,6.0,,,,,,
20190504175924,437731,20,102.0,Growth since 2018,4.0,,,,,,
20190504175924,558405,21,84.0,Growth since 2019,4.0,,,,,,
20190504175924,484612,22,120.0,Growth since 2018,4.0,,,,,,
20190504175924,563036,23,379.0,Growth since 2018,4.0,,,,,,
20190504175924,555181,24,47.0,Growth since 2019,4.0,,,,,,
20190504175924,446572,25,741.0,Growth since 2018,1.0,,,,,,
20190504175924,558426,26,675.0,Growth since 2018,1.0,,,,,,
20190504175924,377775,27,254.0,Growth since 2017,1.0,,,,,,
20190504175924,522753,28,171.0,Growth since 2019,0.0,,,,,,
20190504175924,373135,29,499.0,Growth since 2017,0.0,,,,,,
20190504175924,514895,30,152.0,Growth since 2018,0.0,,,,,,
20190504175924,559593,31,138.0,Growth since 2019,0.0,,,,,,
20190504175924,487355,32,830.0,Growth since 2018,2.0,,,,,,
20190504175924,531344,33,191.0,Growth since 2018,2.0,,,,,,
20190504175924,566774,34,36.0,Growth since 2019,0.0,,,,,,
20190504175924,567133,35,27.0,Growth since 2019,0.0,,,,,,
20190504175924,569954,36,45.0,Growth since 2018,0.0,,,,,,
20190504175924,568753,37,28.0,Growth since 2019,0.0,,,,,,
20190504175924,574879,38,162.0,Growth since 2019,0.0,,,,,,
20190504175924,567323,39,21.0,Growth since 2019,0.0,,,,,,
20190504175924,567150,40,69.0,Growth since 2019,1.0,,,,,,
20190504175924,571724,41,49.0,Growth since 2019,0.0,,,,,,
20190504175924,568786,42,24.0,Growth since 2019,0.0,,,,,,
20190504175924,567239,43,7.0,Growth since 2019,0.0,,,,,,
20190504175924,568122,44,28.0,Growth since 2019,0.0,,,,,,
20190601140725,343265,1,110.0,Growth since 2017,0.0,,,,,,
20190601140725,428416,2,141.0,Growth since 2018,0.0,,,,,,
20190601140725,426487,3,69.0,Growth since 2018,0.0,,,,,,
20190601140725,521978,4,55.0,Growth since 2019,0.0,,,,,,
20190601140725,428282,5,51.0,Growth since 2018,0.0,,,,,,
20190601140725,570746,6,298.0,Growth since 2018,0.0,,,,,,
20190601140725,577791,7,33.0,Growth since 2019,0.0,,,,,,
20190601140725,517070,8,29.0,Growth since 2018,0.0,,,,,,
20190601140725,571847,9,26.0,Growth since 2019,0.0,,,,,,
20190601140725,450015,10,22.0,Growth since 2018,0.0,,,,,,
20190601140725,508902,11,49.0,Growth since 2018,0.0,,,,,,
20190601140725,583450,12,31.0,Growth since 2018,0.0,,,,,,
20190601140725,487362,13,707.0,Growth since 2018,42.0,,,,,,
20190601140725,542324,14,159.0,Growth since 2019,8.0,,,,,,
20190601140725,484612,15,128.0,Growth since 2018,8.0,,,,,,
20190601140725,585354,16,59.0,Growth since 2019,5.0,,,,,,
20190601140725,525441,17,18.0,Growth since 2019,5.0,,,,,,
20190601140725,390719,18,120.0,Growth since 2018,5.0,,,,,,
20190601140725,437731,19,108.0,Growth since 2018,4.0,,,,,,
20190601140725,542796,20,452.0,Growth since 2019,3.0,,,,,,
20190601140725,446572,21,785.0,Growth since 2018,2.0,,,,,,
20190601140725,377775,22,282.0,Growth since 2017,2.0,,,,,,
20190601140725,531344,23,228.0,Growth since 2018,2.0,,,,,,
20190601140725,523106,24,97.0,Growth since 2018,2.0,,,,,,
20190601140725,487355,25,874.0,Growth since 2018,12.0,,,,,,
20190601140725,558426,26,747.0,Growth since 2018,1.0,,,,,,
20190601140725,345799,27,349.0,Growth since 2017,0.0,,,,,,
20190601140725,522753,28,223.0,Growth since 2019,1.0,,,,,,
20190601140725,373135,29,534.0,Growth since 2017,0.0,,,,,,
20190601140725,561919,30,137.0,Growth since 2019,0.0,,,,,,
20190601140725,461626,31,135.0,Growth since 2018,1.0,,,,,,
20190601140725,555938,32,124.0,Growth since 2018,1.0,,,,,,
20190601140725,576144,33,46.0,Growth since 2019,0.0,,,,,,
20190601140725,584463,34,173.0,Growth since 2019,0.0,,,,,,
20190601140725,576129,35,34.0,Growth since 2019,0.0,,,,,,
20190601140725,579434,36,59.0,Growth since 2018,0.0,,,,,,
20190601140725,584807,37,58.0,Growth since 2019,0.0,,,,,,
20190601140725,583540,38,34.0,Growth since 2019,0.0,,,,,,
20190601140725,580793,39,19.0,Growth since 2019,0.0,,,,,,
20190601140725,577176,40,56.0,Growth since 2018,2.0,,,,,,
20190601140725,586564,41,26.0,Growth since 2019,0.0,,,,,,
20190702185657,426741,1,204.0,Growth since 2018,0.0,,,,,,
20190702185657,343265,2,114.0,Growth since 2017,1.0,,,,,,
20190702185657,563542,3,117.0,Growth since 2019,1.0,,,,,,
20190702185657,584753,4,87.0,Growth since 2019,0.0,,,,,,
20190702185657,426487,5,58.0,Growth since 2018,0.0,,,,,,
20190702185657,398001,6,50.0,Growth since 2018,0.0,,,,,,
20190702185657,511454,7,63.0,Growth since 2017,0.0,,,,,,
20190702185657,583450,8,43.0,Growth since 2018,0.0,,,,,,
20190702185657,570746,9,421.0,Growth since 2018,3.0,,,,,,
20190702185657,517070,10,31.0,Growth since 2018,0.0,,,,,,
20190702185657,582069,11,29.0,Growth since 2019,0.0,,,,,,
20190702185657,491577,12,117.0,Growth since 2018,0.0,,,,,,
20190702185657,487362,13,754.0,Growth since 2018,33.0,,,,,,
20190702185657,531344,14,268.0,Growth since 2018,10.0,,,,,,
20190702185657,517942,15,55.0,Growth since 2019,7.0,,,,,,
20190702185657,558426,16,,Growth since 2018,5.0,,,,,,
20190702185657,585354,17,48.0,Growth since 2019,5.0,,,,,,
20190702185657,390719,18,135.0,Growth since 2018,5.0,,,,,,
20190702185657,588785,19,40.0,Growth since 2019,4.0,,,,,,
20190702185657,525441,20,23.0,Growth since 2019,4.0,,,,,,
20190702185657,437731,21,132.0,Growth since 2018,3.0,,,,,,
20190702185657,542796,22,515.0,Growth since 2019,3.0,,,,,,
20190702185657,531563,23,69.0,Growth since 2019,3.0,,,,,,
20190702185657,487355,24,934.0,Growth since 2018,25.0,,,,,,
20190702185657,446572,25,842.0,Growth since 2018,0.0,,,,,,
20190702185657,377775,26,342.0,Growth since 2017,2.0,,,,,,
20190702185657,561919,27,183.0,Growth since 2019,2.0,,,,,,
20190702185657,510704,28,382.0,Growth since 2018,2.0,,,,,,
20190702185657,529729,29,159.0,Growth since 2019,0.0,,,,,,
20190702185657,493203,30,111.0,Growth since 2018,0.0,,,,,,
20190702185657,589866,31,75.0,Growth since 2019,0.0,,,,,,
20190702185657,594859,32,70.0,Growth since 2018,0.0,,,,,,
20190702185657,590167,33,36.0,Growth since 2019,0.0,,,,,,
20190702185657,594654,34,50.0,Growth since 2019,0.0,,,,,,
20190702185657,592634,35,24.0,Growth since 2019,0.0,,,,,,
20190702185657,596452,36,44.0,Growth since 2019,0.0,,,,,,
20190702185657,589840,37,486.0,Growth since 2019,0.0,,,,,,
20190702185657,597467,38,558.0,Growth since 2019,0.0,,,,,,
20190702185657,591317,39,215.0,Growth since 2019,2.0,,,,,,
20190702185657,590838,40,13.0,Growth since 2019,0.0,,,,,,
20190702185657,593601,41,41.0,Growth since 2019,0.0,,,,,,
20190702185657,591837,42,513.0,Growth since 2019,0.0,,,,,,
20190804235801,343265,1,114.0,Growth since 2017,2.0,,,,,,
20190804235801,426487,2,63.0,Growth since 2018,0.0,,,,,,
20190804235801,596862,3,62.0,Growth since 2019,0.0,,,,,,
20190804235801,592294,4,33.0,Growth since 2019,0.0,,,,,,
20190804235801,584753,5,82.0,Growth since 2019,0.0,,,,,,
20190804235801,435960,6,45.0,Growth since 2018,0.0,,,,,,
20190804235801,582069,7,25.0,Growth since 2019,0.0,,,,,,
20190804235801,606961,8,32.0,Growth since 2018,0.0,,,,,,
20190804235801,573161,9,20.0,Growth since 2019,1.0,,,,,,
20190804235801,566161,10,20.0,Growth since 2019,0.0,,,,,,
20190804235801,441914,11,20.0,Growth since 2018,0.0,,,,,,
20190804235801,576083,12,67.0,Growth since 2019,0.0,,,,,,
20190804235801,597467,13,762.0,Growth since 2019,18.0,,,,,,
20190804235801,531344,14,308.0,Growth since 2018,12.0,,,,,,
20190804235801,377775,15,367.0,Growth since 2017,8.0,,,,,,
20190804235801,563542,16,149.0,Growth since 2019,6.0,,,,,,
20190804235801,531563,17,88.0,Growth since 2019,4.0,,,,,,
20190804235801,446572,18,,Growth since 2018,4.0,,,,,,
20190804235801,588785,19,12.0,Growth since 2019,3.0,,,,,,
20190804235801,547800,20,314.0,Growth since 2019,2.0,,,,,,
20190804235801,308235,21,156.0,Growth since 2017,2.0,,,,,,
20190804235801,567742,22,54.0,Growth since 2019,2.0,,,,,,
20190804235801,600078,23,48.0,Growth since 2019,2.0,,,,,,
20190804235801,373135,24,582.0,Growth since 2017,0.0,,,,,,
20190804235801,561919,25,187.0,Growth since 2019,1.0,,,,,,
20190804235801,493203,26,121.0,Growth since 2018,0.0,,,,,,
20190804235801,542439,27,115.0,Growth since 2018,0.0,,,,,,
20190804235801,345799,28,413.0,Growth since 2017,0.0,,,,,,
20190804235801,591361,29,106.0,Growth since 2019,0.0,,,,,,
20190804235801,548400,30,228.0,Growth since 2018,0.0,,,,,,
20190804235801,442273,31,114.0,Growth since 2018,0.0,,,,,,
20190804235801,605771,32,90.0,Growth since 2019,0.0,,,,,,
20190804235801,603012,33,75.0,Growth since 2019,0.0,,,,,,
20190804235801,603653,34,92.0,Growth since 2019,0.0,,,,,,
20190804235801,602800,35,19.0,Growth since 2018,0.0,,,,,,
20190804235801,609203,36,23.0,Growth since 2019,0.0,,,,,,
20190804235801,610859,37,32.0,Growth since 2019,0.0,,,,,,
20190804235801,602604,38,35.0,Growth since 2019,0.0,,,,,,
20190804235801,611907,39,34.0,Growth since 2019,0.0,,,,,,
20190804235801,608769,40,93.0,Growth since 2019,0.0,,,,,,
20190804235801,602960,41,6.0,Growth since 2019,0.0,,,,,,
20190804235801,605171,42,96.0,Growth since 2019,0.0,,,,,,
20190902014642,343265,1,117.0,Growth since 2017,4.0,,,,,,
20190902014642,561919,2,117.0,Growth since 2019,0.0,,,,,,
20190902014642,596862,3,76.0,Growth since 2019,0.0,,,,,,
20190902014642,428416,4,205.0,Growth since 2018,0.0,,,,,,
20190902014642,426487,5,46.0,Growth since 2018,0.0,,,,,,
20190902014642,561185,6,46.0,Growth since 2019,0.0,,,,,,
20190902014642,588785,7,44.0,Growth since 2019,1.0,,,,,,
20190902014642,450015,8,42.0,Growth since 2018,0.0,,,,,,
20190902014642,573161,9,33.0,Growth since 2019,1.0,,,,,,
20190902014642,435960,10,46.0,Growth since 2018,0.0,,,,,,
20190902014642,614648,11,24.0,Growth since 2019,7.0,,,,,,
20190902014642,428282,12,30.0,Growth since 2018,0.0,,,,,,
20190902014642,531344,13,360.0,Growth since 2018,29.0,,,,,,
20190902014642,377775,14,373.0,Growth since 2017,19.0,,,,,,
20190902014642,552387,15,308.0,Growth since 2019,6.0,,,,,,
20190902014642,570746,16,567.0,Growth since 2018,5.0,,,,,,
20190902014642,610634,17,4.0,Growth since 2019,5.0,,,,,,
20190902014642,563542,18,211.0,Growth since 2019,4.0,,,,,,
20190902014642,308200,19,,Growth since 2017,3.0,,,,,,
20190902014642,621538,20,679.0,Growth since 2019,3.0,,,,,,
20190902014642,531563,21,90.0,Growth since 2019,2.0,,,,,,
20190902014642,308235,22,169.0,Growth since 2017,2.0,,,,,,
20190902014642,517283,23,,Growth since 2018,0.0,,,,,,
20190902014642,373135,24,627.0,Growth since 2017,0.0,,,,,,
20190902014642,591361,25,126.0,Growth since 2019,0.0,,,,,,
20190902014642,529243,26,102.0,Growth since 2018,0.0,,,,,,
20190902014642,500123,27,188.0,Growth since 2018,0.0,,,,,,
20190902014642,542439,28,136.0,Growth since 2018,0.0,,,,,,
20190902014642,567133,29,78.0,Growth since 2019,0.0,,,,,,
20190902014642,442273,30,96.0,Growth since 2018,0.0,,,,,,
20190902014642,596452,31,75.0,Growth since 2019,0.0,,,,,,
20190902014642,618465,32,69.0,Growth since 2019,0.0,,,,,,
20190902014642,618435,33,49.0,Growth since 2019,0.0,,,,,,
20190902014642,616658,34,43.0,Growth since 2019,0.0,,,,,,
20190902014642,617583,35,68.0,Growth since 2019,0.0,,,,,,
20190902014642,621545,36,41.0,Growth since 2019,0.0,,,,,,
20190902014642,620970,37,13.0,Growth since 2019,0.0,,,,,,
20190902014642,623242,38,33.0,Growth since 2019,0.0,,,,,,
20190902014642,625844,39,56.0,Growth since 2019,0.0,,,,,,
20190902014642,617810,40,19.0,Growth since 2019,0.0,,,,,,
20190902014642,620441,41,26.0,Growth since 2019,0.0,,,,,,
20190902014642,620137,42,22.0,Growth since 2019,0.0,,,,,,
20191007040048,561919,1,192.0,Growth since 2019,1.0,,,,,,
20191007040048,343265,2,123.0,Growth since 2017,1.0,,,,,,
20191007040048,628477,3,162.0,Growth since 2019,0.0,,,,,,
20191007040048,586129,4,46.0,Growth since 2019,0.0,,,,,,
20191007040048,623661,5,50.0,Growth since 2019,0.0,,,,,,
20191007040048,426487,6,43.0,Growth since 2018,0.0,,,,,,
20191007040048,566161,7,33.0,Growth since 2019,0.0,,,,,,
20191007040048,523710,8,27.0,Growth since 2019,0.0,,,,,,
20191007040048,573161,9,25.0,Growth since 2019,1.0,,,,,,
20191007040048,435960,10,54.0,Growth since 2018,0.0,,,,,,
20191007040048,626683,11,25.0,Growth since 2018,0.0,,,,,,
20191007040048,569437,12,22.0,Growth since 2019,0.0,,,,,,
20191007040048,598779,13,977.0,Growth since 2019,37.0,,,,,,
20191007040048,552387,14,495.0,Growth since 2019,32.0,,,,,,
20191007040048,620627,15,55.0,Growth since 2019,23.0,,,,,,
20191007040048,531344,16,406.0,Growth since 2018,17.0,,,,,,
20191007040048,377775,17,382.0,Growth since 2017,12.0,,,,,,
20191007040048,616113,18,,Growth since 2019,10.0,,,,,,
20191007040048,621841,19,112.0,Growth since 2019,6.0,,,,,,
20191007040048,633791,20,201.0,Growth since 2019,5.0,,,,,,
20191007040048,531563,21,104.0,Growth since 2019,3.0,,,,,,
20191007040048,544194,22,329.0,Growth since 2019,3.0,,,,,,
20191007040048,567133,23,107.0,Growth since 2019,2.0,,,,,,
20191007040048,613459,24,37.0,Growth since 2019,2.0,,,,,,
20191007040048,631806,25,426.0,Growth since 2019,1.0,,,,,,
20191007040048,373135,26,704.0,Growth since 2017,0.0,,,,,,
20191007040048,591361,27,156.0,Growth since 2019,1.0,,,,,,
20191007040048,560856,28,130.0,Growth since 2019,0.0,,,,,,
20191007040048,461626,29,117.0,Growth since 2018,0.0,,,,,,
20191007040048,525131,30,258.0,Growth since 2019,1.0,,,,,,
20191007040048,529243,31,115.0,Growth since 2018,0.0,,,,,,
20191007040048,442273,32,120.0,Growth since 2018,0.0,,,,,,
20191007040048,542439,33,96.0,Growth since 2018,0.0,,,,,,
20191007040048,618465,34,94.0,Growth since 2019,0.0,,,,,,
20191007040048,633485,35,209.0,Growth since 2019,0.0,,,,,,
20191007040048,631646,36,33.0,Growth since 2019,0.0,,,,,,
20191007040048,629608,37,31.0,Growth since 2019,0.0,,,,,,
20191007040048,635244,38,23.0,Growth since 2019,0.0,,,,,,
20191007040048,631587,39,13.0,Growth since 2019,0.0,,,,,,
20191007040048,630041,40,27.0,Growth since 2019,0.0,,,,,,
20191007040048,630714,41,27.0,Growth since 2019,0.0,,,,,,
20191007040048,631802,42,13.0,Growth since 2019,0.0,,,,,,
20191007040048,630224,43,9.0,Growth since 2019,0.0,,,,,,
20191007040048,632325,44,27.0,Growth since 2019,1.0,,,,,,
20191104162049,561919,1,242.0,Growth since 2019,1.0,,,,,,
20191104162049,633791,2,226.0,Growth since 2019,10.0,,,,,,
20191104162049,343265,3,115.0,Growth since 2017,2.0,,,,,,
20191104162049,589866,4,94.0,Growth since 2019,1.0,,,,,,
20191104162049,642548,5,109.0,Growth since 2017,0.0,,,,,,
20191104162049,428416,6,189.0,Growth since 2018,0.0,,,,,,
20191104162049,642630,7,81.0,Growth since 2018,0.0,,,,,,
20191104162049,586129,8,44.0,Growth since 2019,0.0,,,,,,
20191104162049,435960,9,59.0,Growth since 2018,0.0,,,,,,
20191104162049,428282,10,42.0,Growth since 2018,0.0,,,,,,
20191104162049,622314,11,34.0,Growth since 2019,0.0,,,,,,
20191104162049,566161,12,33.0,Growth since 2019,0.0,,,,,,
20191104162049,552387,13,652.0,Growth since 2019,134.0,,,,,,
20191104162049,377775,14,384.0,Growth since 2017,13.0,,,,,,
20191104162049,621841,15,67.0,Growth since 2019,13.0,,,,,,
20191104162049,531344,16,453.0,Growth since 2018,11.0,,,,,,
20191104162049,620627,17,50.0,Growth since 2019,8.0,,,,,,
20191104162049,531563,18,110.0,Growth since 2019,5.0,,,,,,
20191104162049,519067,19,,Growth since 2018,5.0,,,,,,
20191104162049,308235,20,178.0,Growth since 2017,4.0,,,,,,
20191104162049,613459,21,50.0,Growth since 2019,4.0,,,,,,
20191104162049,608099,22,333.0,Growth since 2019,3.0,,,,,,
20191104162049,645009,23,113.0,Growth since 2019,3.0,,,,,,
20191104162049,631806,24,450.0,Growth since 2019,2.0,,,,,,
20191104162049,636902,25,446.0,Growth since 2018,0.0,,,,,,
20191104162049,373135,26,747.0,Growth since 2017,0.0,,,,,,
20191104162049,591361,27,172.0,Growth since 2019,2.0,,,,,,
20191104162049,618465,28,175.0,Growth since 2019,0.0,,,,,,
20191104162049,442273,29,138.0,Growth since 2018,1.0,,,,,,
20191104162049,461626,30,115.0,Growth since 2018,0.0,,,,,,
20191104162049,652825,31,532.0,Growth since 2019,0.0,,,,,,
20191104162049,648653,32,121.0,Growth since 2019,1.0,,,,,,
20191104162049,645406,33,30.0,Growth since 2019,0.0,,,,,,
20191104162049,652854,34,155.0,Growth since 2019,0.0,,,,,,
20191104162049,643146,35,45.0,Growth since 2019,0.0,,,,,,
20191104162049,642679,36,45.0,Growth since 2019,0.0,,,,,,
20191104162049,650362,37,173.0,Growth since 2019,0.0,,,,,,
20191104162049,643443,38,35.0,Growth since 2019,0.0,,,,,,
20191104162049,650512,39,73.0,Growth since 2019,0.0,,,,,,
20191204224816,561919,1,254.0,Growth since 2019,3.0,,,,,,
20191204224816,633791,2,246.0,Growth since 2019,10.0,,,,,,
20191204224816,442273,3,151.0,Growth since 2018,0.0,,,,,,
20191204224816,642548,4,119.0,Growth since 2017,0.0,,,,,,
20191204224816,590838,5,120.0,Growth since 2019,0.0,,,,,,
20191204224816,328513,6,129.0,Growth since 2017,0.0,,,,,,
20191204224816,589866,7,89.0,Growth since 2019,0.0,,,,,,
20191204224816,650362,8,198.0,Growth since 2019,1.0,,,,,,
20191204224816,639856,9,74.0,Growth since 2019,0.0,,,,,,
20191204224816,560856,10,134.0,Growth since 2019,0.0,,,,,,
20191204224816,428416,11,196.0,Growth since 2018,0.0,,,,,,
20191204224816,541163,12,59.0,Growth since 2019,0.0,,,,,,
20191204224816,552387,13,783.0,Growth since 2019,253.0,,,,,,
20191204224816,621841,14,115.0,Growth since 2019,25.0,,,,,,
20191204224816,531344,15,506.0,Growth since 2018,15.0,,,,,,
20191204224816,659262,16,0.0,Growth since 2019,13.0,,,,,,
20191204224816,377775,17,387.0,Growth since 2017,9.0,,,,,,
20191204224816,650103,18,189.0,Growth since 2019,9.0,,,,,,
20191204224816,566987,19,611.0,Growth since 2019,8.0,,,,,,
20191204224816,656934,20,25.0,Growth since 2019,7.0,,,,,,
20191204224816,620627,21,21.0,Growth since 2019,7.0,,,,,,
20191204224816,613459,22,56.0,Growth since 2019,5.0,,,,,,
20191204224816,631806,23,478.0,Growth since 2019,2.0,,,,,,
20191204224816,517283,24,,Growth since 2018,0.0,,,,,,
20191204224816,591361,25,197.0,Growth since 2019,1.0,,,,,,
20191204224816,618465,26,192.0,Growth since 2019,1.0,,,,,,
20191204224816,542439,27,134.0,Growth since 2018,0.0,,,,,,
20191204224816,567133,28,123.0,Growth since 2019,0.0,,,,,,
20191204224816,495765,29,146.0,Growth since 2018,0.0,,,,,,
20191204224816,656847,30,136.0,Growth since 2019,0.0,,,,,,
20191204224816,658295,31,22.0,Growth since 2019,0.0,,,,,,
20191204224816,658602,32,24.0,Growth since 2019,0.0,,,,,,
20191204224816,657656,33,17.0,Growth since 2019,0.0,,,,,,
20191204224816,658734,34,17.0,Growth since 2019,0.0,,,,,,
20191204224816,658761,35,15.0,Growth since 2019,0.0,,,,,,
20191204224816,667785,36,112.0,Growth since 2019,0.0,,,,,,
20191204224816,662125,37,20.0,Growth since 2019,0.0,,,,,,
20191204224816,658924,38,9.0,Growth since 2019,0.0,,,,,,
20191204224816,666617,39,47.0,Growth since 2015,0.0,,,,,,
20191204224816,662473,40,43.0,Growth since 2019,0.0,,,,,,
20200104192057,561919,1,267.0,Growth since 2019,4.0,,,,,,
20200104192057,618465,2,205.0,Growth since 2019,0.0,,,,,,
20200104192057,381159,3,103.0,Growth since 2018,0.0,,,,,,
20200104192057,590838,4,89.0,Growth since 2019,0.0,,,,,,
20200104192057,428416,5,231.0,Growth since 2018,0.0,,,,,,
20200104192057,653036,6,73.0,Growth since 2019,0.0,,,,,,
20200104192057,664209,7,58.0,Growth since 2019,0.0,,,,,,
20200104192057,586129,8,49.0,Growth since 2019,0.0,,,,,,
20200104192057,655041,9,112.0,Growth since 2019,0.0,,,,,,
20200104192057,566161,10,42.0,Growth since 2019,0.0,,,,,,
20200104192057,626683,11,32.0,Growth since 2018,0.0,,,,,,
20200104192057,573161,12,21.0,Growth since 2019,1.0,,,,,,
20200104192057,552387,13,920.0,Growth since 2019,285.0,,,,,,
20200104192057,659262,14,0.0,Growth since 2019,7.0,,,,,,
20200104192057,676830,15,-36.0,Growth since 2019,7.0,,,,,,
20200104192057,671470,16,433.0,Growth since 2019,6.0,,,,,,
20200104192057,621841,17,107.0,Growth since 2019,6.0,,,,,,
20200104192057,655524,18,55.0,Growth since 2019,6.0,,,,,,
20200104192057,377775,19,389.0,Growth since 2017,4.0,,,,,,
20200104192057,616267,20,303.0,Growth since 2019,4.0,,,,,,
20200104192057,633791,21,257.0,Growth since 2019,4.0,,,,,,
20200104192057,613459,22,62.0,Growth since 2019,3.0,,,,,,
20200104192057,656934,23,16.0,Growth since 2019,3.0,,,,,,
20200104192057,631806,24,486.0,Growth since 2019,1.0,,,,,,
20200104192057,517283,25,,Growth since 2018,0.0,,,,,,
20200104192057,591361,26,210.0,Growth since 2019,0.0,,,,,,
20200104192057,495765,27,176.0,Growth since 2018,0.0,,,,,,
20200104192057,560856,28,143.0,Growth since 2019,0.0,,,,,,
20200104192057,642679,29,200.0,Growth since 2019,0.0,,,,,,
20200104192057,542439,30,131.0,Growth since 2018,0.0,,,,,,
20200104192057,567133,31,127.0,Growth since 2019,0.0,,,,,,
20200104192057,623661,32,126.0,Growth since 2019,0.0,,,,,,
20200104192057,343265,33,108.0,Growth since 2017,0.0,,,,,,
20200104192057,670649,34,120.0,Growth since 2019,0.0,,,,,,
20200104192057,665779,35,89.0,Growth since 2019,0.0,,,,,,
20200104192057,670576,36,85.0,Growth since 2019,0.0,,,,,,
20200104192057,666438,37,43.0,Growth since 2019,0.0,,,,,,
20200104192057,667746,38,67.0,Growth since 2019,0.0,,,,,,
20200104192057,672248,39,29.0,Growth since 2019,0.0,,,,,,
20200104192057,673884,40,43.0,Growth since 2019,0.0,,,,,,
20200104192057,665583,41,32.0,Growth since 2019,0.0,,,,,,
20200104192057,668638,42,19.0,Growth since 2019,1.0,,,,,,
20200104192057,676781,43,113.0,Growth since 2019,0.0,,,,,,
20200104192057,666369,44,179.0,Growth since 2019,0.0,,,,,,
20200201230817,618465,1,246.0,Growth since 2019,4.0,,,,,,
20200201230817,428416,2,260.0,Growth since 2018,0.0,,,,,,
20200201230817,561919,3,179.0,Growth since 2019,2.0,,,,,,
20200201230817,654819,4,177.0,Growth since 2018,0.0,,,,,,
20200201230817,686075,5,243.0,Growth since 2018,0.0,,,,,,
20200201230817,655289,6,131.0,Growth since 2019,0.0,,,,,,
20200201230817,653036,7,100.0,Growth since 2019,0.0,,,,,,
20200201230817,590838,8,90.0,Growth since 2019,0.0,,,,,,
20200201230817,435960,9,73.0,Growth since 2018,0.0,,,,,,
20200201230817,655299,10,71.0,Growth since 2019,0.0,,,,,,
20200201230817,615219,11,37.0,Growth since 2019,0.0,,,,,,
20200201230817,626683,12,34.0,Growth since 2018,0.0,,,,,,
20200201230817,552387,13,,Growth since 2019,436.0,,,,,,
20200201230817,519067,14,,Growth since 2018,16.0,,,,,,
20200201230817,676830,15,-30.0,Growth since 2019,14.0,,,,,,
20200201230817,671470,16,465.0,Growth since 2019,13.0,,,,,,
20200201230817,590578,17,170.0,Growth since 2019,11.0,,,,,,
20200201230817,655524,18,83.0,Growth since 2019,9.0,,,,,,
20200201230817,377775,19,394.0,Growth since 2017,6.0,,,,,,
20200201230817,659262,20,-1.0,Growth since 2019,6.0,,,,,,
20200201230817,531563,21,114.0,Growth since 2019,5.0,,,,,,
20200201230817,616267,22,329.0,Growth since 2019,5.0,,,,,,
20200201230817,633791,23,277.0,Growth since 2019,5.0,,,,,,
20200201230817,680979,24,472.0,Growth since 2019,5.0,,,,,,
20200201230817,517283,25,,Growth since 2018,0.0,,,,,,
20200201230817,631806,26,502.0,Growth since 2019,2.0,,,,,,
20200201230817,531344,27,525.0,Growth since 2018,1.0,,,,,,
20200201230817,650379,28,219.0,Growth since 2019,0.0,,,,,,
20200201230817,681383,29,199.0,Growth since 2019,0.0,,,,,,
20200201230817,542439,30,148.0,Growth since 2018,0.0,,,,,,
20200201230817,525131,31,332.0,Growth since 2019,0.0,,,,,,
20200201230817,596452,32,140.0,Growth since 2019,0.0,,,,,,
20200201230817,683590,33,102.0,Growth since 2019,0.0,,,,,,
20200201230817,689387,34,197.0,Growth since 2018,0.0,,,,,,
20200201230817,680645,35,58.0,Growth since 2020,0.0,,,,,,
20200201230817,688666,36,64.0,Growth since 2019,0.0,,,,,,
20200201230817,684445,37,29.0,Growth since 2019,0.0,,,,,,
20200201230817,681687,38,321.0,Growth since 2017,1.0,,,,,,
20200201230817,680504,39,17.0,Growth since 2020,0.0,,,,,,
20200201230817,685821,40,19.0,Growth since 2019,0.0,,,,,,
20200201230817,684017,41,28.0,Growth since 2019,0.0,,,,,,
20200301022400,654819,1,230.0,Growth since 2018,0.0,,,,,,
20200301022400,653036,2,137.0,Growth since 2019,1.0,,,,,,
20200301022400,343265,3,109.0,Growth since 2017,0.0,,,,,,
20200301022400,686075,4,219.0,Growth since 2018,0.0,,,,,,
20200301022400,428416,5,272.0,Growth since 2018,0.0,,,,,,
20200301022400,566161,6,43.0,Growth since 2019,0.0,,,,,,
20200301022400,435960,7,71.0,Growth since 2018,0.0,,,,,,
20200301022400,652465,8,41.0,Growth since 2019,1.0,,,,,,
20200301022400,626683,9,35.0,Growth since 2018,0.0,,,,,,
20200301022400,671393,10,69.0,Growth since 2019,0.0,,,,,,
20200301022400,615219,11,28.0,Growth since 2019,0.0,,,,,,
20200301022400,688623,12,67.0,Growth since 2019,0.0,,,,,,
20200301022400,552387,13,,Growth since 2019,429.0,,,,,,
20200301022400,671470,14,484.0,Growth since 2019,45.0,,,,,,
20200301022400,703445,15,101.0,Growth since 2017,44.0,,,,,,
20200301022400,676830,16,-15.0,Growth since 2019,20.0,,,,,,
20200301022400,655524,17,145.0,Growth since 2019,17.0,,,,,,
20200301022400,618465,18,247.0,Growth since 2019,15.0,,,,,,
20200301022400,680979,19,682.0,Growth since 2019,12.0,,,,,,
20200301022400,698015,20,45.0,Growth since 2020,5.0,,,,,,
20200301022400,678753,21,177.0,Growth since 2019,4.0,,,,,,
20200301022400,590578,22,114.0,Growth since 2019,4.0,,,,,,
20200301022400,659262,23,-33.0,Growth since 2019,4.0,,,,,,
20200301022400,621841,24,154.0,Growth since 2019,3.0,,,,,,
20200301022400,517283,25,,Growth since 2018,0.0,,,,,,
20200301022400,631806,26,489.0,Growth since 2019,0.0,,,,,,
20200301022400,377775,27,397.0,Growth since 2017,1.0,,,,,,
20200301022400,591361,28,318.0,Growth since 2019,2.0,,,,,,
20200301022400,689387,29,226.0,Growth since 2018,0.0,,,,,,
20200301022400,690767,30,419.0,Growth since 2018,13.0,,,,,,
20200301022400,609970,31,209.0,Growth since 2018,0.0,,,,,,
20200301022400,542439,32,172.0,Growth since 2018,0.0,,,,,,
20200301022400,655289,33,162.0,Growth since 2019,0.0,,,,,,
20200301022400,697992,34,179.0,Growth since 2019,0.0,,,,,,
20200301022400,698310,35,50.0,Growth since 2019,0.0,,,,,,
20200301022400,699024,36,85.0,Growth since 2019,1.0,,,,,,
20200301022400,694986,37,22.0,Growth since 2020,0.0,,,,,,
20200301022400,695103,38,11.0,Growth since 2020,0.0,,,,,,
20200301022400,705607,39,73.0,Growth since 2019,0.0,,,,,,
20200301022400,699719,40,15.0,Growth since 2020,0.0,,,,,,
20200301022400,693534,41,9.0,Growth since 2020,0.0,,,,,,
20200301022400,703907,42,75.0,Growth since 2019,0.0,,,,,,
20200301022400,696537,43,12.0,Growth since 2020,1.0,,,,,,
20200301022400,702777,44,17.0,Growth since 2020,0.0,,,,,,
20200301022400,696183,45,6.0,Growth since 2020,0.0,,,,,,
20200405043136,654819,1,239.0,Growth since 2018,0.0,,,,,,
20200405043136,428416,2,255.0,Growth since 2018,0.0,,,,,,
20200405043136,653036,3,172.0,Growth since 2019,2.0,,,,,,
20200405043136,343265,4,113.0,Growth since 2017,0.0,,,,,,
20200405043136,704977,5,69.0,Growth since 2020,1.0,,,,,,
20200405043136,684445,6,47.0,Growth since 2019,0.0,,,,,,
20200405043136,682357,7,32.0,Growth since 2020,0.0,,,,,,
20200405043136,681567,8,31.0,Growth since 2020,0.0,,,,,,
20200405043136,719961,9,69.0,Growth since 2019,1.0,,,,,,
20200405043136,655299,10,48.0,Growth since 2019,0.0,,,,,,
20200405043136,709425,11,41.0,Growth since 2020,0.0,,,,,,
20200405043136,615219,12,26.0,Growth since 2019,0.0,,,,,,
20200405043136,715552,13,68.0,Growth since 2017,83.0,,,,,,
20200405043136,690767,14,696.0,Growth since 2018,67.0,,,,,,
20200405043136,680979,15,,Growth since 2019,32.0,,,,,,
20200405043136,617871,16,26.0,Growth since 2019,8.0,,,,,,
20200405043136,618465,17,181.0,Growth since 2019,7.0,,,,,,
20200405043136,698015,18,-25.0,Growth since 2020,7.0,,,,,,
20200405043136,676830,19,-31.0,Growth since 2019,7.0,,,,,,
20200405043136,591361,20,371.0,Growth since 2019,5.0,,,,,,
20200405043136,531563,21,137.0,Growth since 2019,4.0,,,,,,
20200405043136,671798,22,659.0,Growth since 2019,4.0,,,,,,
20200405043136,377775,23,330.0,Growth since 2017,3.0,,,,,,
20200405043136,671470,24,508.0,Growth since 2019,2.0,,,,,,
20200405043136,663330,25,209.0,Growth since 2019,0.0,,,,,,
20200405043136,655289,26,147.0,Growth since 2019,0.0,,,,,,
20200405043136,642548,27,124.0,Growth since 2017,2.0,,,,,,
20200405043136,692518,28,,Growth since 2019,21.0,,,,,,
20200405043136,662433,29,148.0,Growth since 2019,0.0,,,,,,
20200405043136,680504,30,105.0,Growth since 2020,0.0,,,,,,
20200405043136,683590,31,187.0,Growth since 2019,0.0,,,,,,
20200405043136,675677,32,113.0,Growth since 2019,0.0,,,,,,
20200405043136,714966,33,124.0,Growth since 2020,2.0,,,,,,
20200405043136,712295,34,32.0,Growth since 2020,0.0,,,,,,
20200405043136,710619,35,24.0,Growth since 2020,0.0,,,,,,
20200405043136,719491,36,31.0,Growth since 2020,0.0,,,,,,
20200405043136,709831,37,14.0,Growth since 2020,0.0,,,,,,
20200405043136,719417,38,27.0,Growth since 2020,0.0,,,,,,
20200405043136,709734,39,13.0,Growth since 2020,0.0,,,,,,
20200405043136,710962,40,11.0,Growth since 2020,0.0,,,,,,
20200405043136,717239,41,19.0,Growth since 2020,0.0,,,,,,
20200502000355,669042,1,928.0,Growth since 2017,12.0,,,,,,
20200502000355,428416,2,307.0,Growth since 2018,1.0,,,,,,
20200502000355,343265,3,107.0,Growth since 2017,1.0,,,,,,
20200502000355,704977,4,54.0,Growth since 2020,5.0,,,,,,
20200502000355,686344,5,64.0,Growth since 2019,0.0,,,,,,
20200502000355,712295,6,48.0,Growth since 2020,2.0,,,,,,
20200502000355,719961,7,43.0,Growth since 2019,1.0,,,,,,
20200502000355,714288,8,119.0,Growth since 2020,0.0,,,,,,
20200502000355,681567,9,38.0,Growth since 2020,0.0,,,,,,
20200502000355,650930,10,32.0,Growth since 2019,0.0,,,,,,
20200502000355,676439,11,29.0,Growth since 2019,0.0,,,,,,
20200502000355,684445,12,28.0,Growth since 2019,0.0,,,,,,
20200502000355,690767,13,838.0,Growth since 2018,82.0,,,,,,
20200502000355,724181,14,478.0,Growth since 2019,67.0,,,,,,
20200502000355,692518,15,,Growth since 2019,36.0,,,,,,
20200502000355,715552,16,125.0,Growth since 2017,30.0,,,,,,
20200502000355,722418,17,9.0,Growth since 2020,12.0,,,,,,
20200502000355,531563,18,155.0,Growth since 2019,10.0,,,,,,
20200502000355,743507,19,735.0,Growth since 2019,10.0,,,,,,
20200502000355,676830,20,-17.0,Growth since 2019,6.0,,,,,,
20200502000355,743573,21,803.0,Growth since 2019,5.0,,,,,,
20200502000355,618465,22,191.0,Growth since 2019,4.0,,,,,,
20200502000355,680979,23,,Growth since 2019,26.0,,,,,,
20200502000355,671470,24,525.0,Growth since 2019,1.0,,,,,,
20200502000355,654819,25,381.0,Growth since 2018,3.0,,,,,,
20200502000355,377775,26,341.0,Growth since 2017,3.0,,,,,,
20200502000355,739599,27,,Growth since 2019,3.0,,,,,,
20200502000355,662433,28,170.0,Growth since 2019,0.0,,,,,,
20200502000355,663330,29,162.0,Growth since 2019,1.0,,,,,,
20200502000355,655289,30,166.0,Growth since 2019,0.0,,,,,,
20200502000355,644678,31,150.0,Growth since 2018,1.0,,,,,,
20200502000355,381159,32,142.0,Growth since 2018,1.0,,,,,,
20200502000355,729259,33,106.0,Growth since 2020,0.0,,,,,,
20200502000355,729145,34,42.0,Growth since 2020,0.0,,,,,,
20200502000355,732284,35,148.0,Growth since 2020,0.0,,,,,,
20200502000355,733906,36,50.0,Growth since 2020,0.0,,,,,,
20200502000355,729023,37,49.0,Growth since 2020,0.0,,,,,,
20200502000355,726581,38,84.0,Growth since 2020,0.0,,,,,,
20200502000355,732477,39,46.0,Growth since 2020,0.0,,,,,,
20200502000355,733443,40,31.0,Growth since 2020,0.0,,,,,,
20200502000355,733238,41,34.0,Growth since 2020,0.0,,,,,,
20200605225618,654819,1,409.0,Growth since 2018,1.0,,,,,,
20200605225618,343265,2,105.0,Growth since 2017,1.0,,,,,,
20200605225618,652465,3,75.0,Growth since 2019,0.0,,,,,,
20200605225618,650930,4,45.0,Growth since 2019,0.0,,,,,,
20200605225618,719961,5,43.0,Growth since 2019,0.0,,,,,,
20200605225618,674335,6,39.0,Growth since 2020,2.0,,,,,,
20200605225618,737257,7,40.0,Growth since 2020,0.0,,,,,,
20200605225618,704977,8,38.0,Growth since 2020,1.0,,,,,,
20200605225618,722979,9,32.0,Growth since 2020,0.0,,,,,,
20200605225618,715821,10,28.0,Growth since 2020,0.0,,,,,,
20200605225618,700743,11,50.0,Growth since 2020,1.0,,,,,,
20200605225618,341952,12,26.0,Growth since 2017,0.0,,,,,,
20200605225618,724181,13,564.0,Growth since 2019,46.0,,,,,,
20200605225618,739599,14,,Growth since 2019,11.0,,,,,,
20200605225618,644941,15,215.0,Growth since 2019,8.0,,,,,,
20200605225618,722418,16,7.0,Growth since 2020,8.0,,,,,,
20200605225618,531563,17,32.0,Growth since 2019,4.0,,,,,,
20200605225618,726773,18,130.0,Growth since 2020,4.0,,,,,,
20200605225618,671798,19,,Growth since 2019,4.0,,,,,,
20200605225618,747676,20,-4.0,Growth since 2020,4.0,,,,,,
20200605225618,676830,21,-10.0,Growth since 2019,4.0,,,,,,
20200605225618,642548,22,178.0,Growth since 2017,3.0,,,,,,
20200605225618,707945,23,49.0,Growth since 2020,3.0,,,,,,
20200605225618,732351,24,48.0,Growth since 2020,3.0,,,,,,
20200605225618,377775,25,357.0,Growth since 2017,2.0,,,,,,
20200605225618,609970,26,259.0,Growth since 2018,0.0,,,,,,
20200605225618,671470,27,173.0,Growth since 2019,0.0,,,,,,
20200605225618,655289,28,184.0,Growth since 2019,0.0,,,,,,
20200605225618,381159,29,138.0,Growth since 2018,0.0,,,,,,
20200605225618,725349,30,160.0,Growth since 2020,1.0,,,,,,
20200605225618,662433,31,132.0,Growth since 2019,0.0,,,,,,
20200605225618,665779,32,70.0,Growth since 2019,0.0,,,,,,
20200605225618,660339,33,41.0,Growth since 2019,0.0,,,,,,
20200605225618,746282,34,46.0,Growth since 2020,3.0,,,,,,
20200605225618,725497,35,33.0,Growth since 2020,3.0,,,,,,
20200605225618,722841,36,50.0,Growth since 2019,0.0,,,,,,
20200605225618,591005,37,29.0,Growth since 2019,0.0,,,,,,
20200605225618,723090,38,34.0,Growth since 2020,0.0,,,,,,
20200605225618,748691,39,19.0,Growth since 2020,0.0,,,,,,
20200605225618,759118,40,570.0,Growth since 2020,0.0,,,,,,
20200605225618,756349,41,51.0,Growth since 2020,0.0,,,,,,
20200605225618,753554,42,49.0,Growth since 2020,0.0,,,,,,
20200605225618,749134,43,22.0,Growth since 2020,0.0,,,,,,
20200605225618,751301,44,99.0,Growth since 2020,0.0,,,,,,
20200605225618,756237,45,30.0,Growth since 2020,0.0,,,,,,
20200605225618,753525,46,19.0,Growth since 2020,0.0,,,,,,
20200605225618,754563,47,15.0,Growth since 2020,0.0,,,,,,
20200605225618,750236,48,12.0,Growth since 2020,0.0,,,,,,
20200605225618,757495,49,21.0,Growth since 2020,0.0,,,,,,
20200605225618,753292,50,25.0,Growth since 2020,0.0,,,,,,
20200605225618,758379,51,22.0,Growth since 2020,0.0,,,,,,
20200905053349,639762,1,465.0,Growth since 2019,8.0,,,,,,
20200905053349,653036,2,849.0,Growth since 2019,0.0,,,,,,
20200905053349,654819,3,434.0,Growth since 2019,2.0,,,,,,
20200905053349,428416,4,434.0,Growth since 2018,0.0,,,,,,
20200905053349,768387,5,101.0,Growth since 2020,2.0,,,,,,
20200905053349,712295,6,79.0,Growth since 2020,3.0,,,,,,
20200905053349,665779,7,56.0,Growth since 2019,0.0,,,,,,
20200905053349,652465,8,71.0,Growth since 2019,0.0,,,,,,
20200905053349,436202,9,67.0,Growth since 2020,0.0,,,,,,
20200905053349,676439,10,50.0,Growth since 2019,0.0,,,,,,
20200905053349,435960,11,67.0,Growth since 2018,0.0,,,,,,
20200905053349,661854,12,36.0,Growth since 2019,0.0,,,,,,
20200905053349,765863,13,245.0,Growth since 2020,92.0,,,,,,
20200905053349,776768,14,319.0,Growth since 2020,38.0,,,,,,
20200905053349,644941,15,217.0,Growth since 2019,30.0,,,,,,
20200905053349,671798,16,,Growth since 2019,27.0,,,,,,
20200905053349,745679,17,155.0,Growth since 2020,20.0,,,,,,
20200905053349,818195,18,-66.0,Growth since 2020,13.0,,,,,,
20200905053349,737851,19,405.0,Growth since 2020,7.0,,,,,,
20200905053349,810562,20,27.0,Growth since 2020,7.0,,,,,,
20200905053349,790719,21,65.0,Growth since 2020,7.0,,,,,,
20200905053349,766987,22,189.0,Growth since 2020,6.0,,,,,,
20200905053349,722674,23,97.0,Growth since 2019,5.0,,,,,,
20200905053349,662433,24,701.0,Growth since 2019,0.0,,,,,,
20200905053349,790415,25,,Growth since 2020,0.0,,,,,,
20200905053349,377775,26,360.0,Growth since 2017,4.0,,,,,,
20200905053349,735268,27,185.0,Growth since 2020,1.0,,,,,,
20200905053349,772108,28,585.0,Growth since 2020,1.0,,,,,,
20200905053349,739994,29,147.0,Growth since 2020,0.0,,,,,,
20200905053349,636377,30,123.0,Growth since 2019,1.0,,,,,,
20200905053349,784579,31,,Growth since 2020,1.0,,,,,,
20200905053349,786743,32,53.0,Growth since 2020,0.0,,,,,,
20200905053349,799008,33,46.0,Growth since 2020,0.0,,,,,,
20200905053349,642548,34,47.0,Growth since 2017,2.0,,,,,,
20200905053349,707945,35,30.0,Growth since 2020,2.0,,,,,,
20200905053349,725497,36,24.0,Growth since 2020,0.0,,,,,,
20200905053349,591005,37,22.0,Growth since 2019,0.0,,,,,,
20200905053349,802199,38,22.0,Growth since 2020,0.0,,,,,,
20200905053349,722841,39,46.0,Growth since 2019,0.0,,,,,,
20200905053349,810539,40,137.0,Growth since 2020,1.0,,,,,,
20200905053349,813668,41,181.0,Growth since 2019,0.0,,,,,,
20200905053349,808295,42,78.0,Growth since 2020,0.0,,,,,,
20200905053349,809224,43,88.0,Growth since 2020,1.0,,,,,,
20200905053349,806730,44,38.0,Growth since 2020,0.0,,,,,,
20200905053349,810254,45,33.0,Growth since 2020,0.0,,,,,,
20200905053349,808437,46,33.0,Growth since 2020,0.0,,,,,,
20200905053349,806714,47,31.0,Growth since 2020,0.0,,,,,,
20200905053349,805875,48,24.0,Growth since 2020,0.0,,,,,,
20200905053349,820152,49,130.0,Growth since 2019,0.0,,,,,,
20200905053349,814232,50,89.0,Growth since 2020,0.0,,,,,,
20201006183529,639762,1,361.0,growth since 2019,9.0,,,,,,
20201006183529,653036,2,,growth since 2019,2.0,,,,,,
20201006183529,654819,3,464.0,growth since 2019,2.0,,,,,,
20201006183529,790415,4,753.0,growth since 2020,0.0,,,,,,
20201006183529,768387,5,141.0,growth since 2020,2.0,,,,,,
20201006183529,428416,6,434.0,growth since 2018,0.0,,,,,,
20201006183529,813668,7,126.0,growth since 2019,0.0,,,,,,
20201006183529,381159,8,112.0,growth since 2018,0.0,,,,,,
20201006183529,436202,9,91.0,growth since 2020,1.0,,,,,,
20201006183529,712295,10,81.0,growth since 2020,0.0,,,,,,
20201006183529,761001,11,53.0,growth since 2020,1.0,,,,,,
20201006183529,652465,12,66.0,growth since 2019,0.0,,,,,,
20201006183529,722674,13,120.0,growth since 2019,224.0,,,,,,
20201006183529,776768,14,380.0,growth since 2020,60.0,,,,,,
20201006183529,745679,15,191.0,growth since 2020,52.0,,,,,,
20201006183529,810562,16,59.0,growth since 2020,34.0,,,,,,
20201006183529,807199,17,97.0,growth since 2020,33.0,,,,,,
20201006183529,766987,18,274.0,growth since 2020,22.0,,,,,,
20201006183529,748835,19,214.0,growth since 2020,13.0,,,,,,
20201006183529,737851,20,474.0,growth since 2020,13.0,,,,,,
20201006183529,811921,21,440.0,growth since 2018,5.0,,,,,,
20201006183529,644941,22,209.0,growth since 2019,5.0,,,,,,
20201006183529,817731,23,269.0,growth since 2020,5.0,,,,,,
20201006183529,784579,24,,growth since 2020,0.0,,,,,,
20201006183529,377775,25,365.0,growth since 2017,1.0,,,,,,
20201006183529,783427,26,223.0,growth since 2020,3.0,,,,,,
20201006183529,829594,27,114.0,growth since 2019,0.0,,,,,,
20201006183529,833581,28,175.0,growth since 2020,0.0,,,,,,
20201006183529,827793,29,121.0,growth since 2020,0.0,,,,,,
20201006183529,824807,30,51.0,growth since 2020,0.0,,,,,,
20201006183529,829814,31,60.0,growth since 2020,0.0,,,,,,
20201006183529,826817,32,147.0,growth since 2020,0.0,,,,,,
20201006183529,827279,33,41.0,growth since 2020,0.0,,,,,,
20201006183529,835622,34,104.0,growth since 2020,1.0,,,,,,
20201006183529,840512,35,229.0,growth since 2020,0.0,,,,,,
20201006183529,824353,36,43.0,growth since 2020,0.0,,,,,,
20201006183529,826214,37,40.0,growth since 2020,0.0,,,,,,
20201006183529,826185,38,40.0,growth since 2020,0.0,,,,,,
20201103202336,835622,1,115.0,growth since 2020,44.0,,,,,,
20201103202336,780203,2,239.0,growth since 2020,0.0,,,,,,
20201103202336,428416,3,513.0,growth since 2018,0.0,,,,,,
20201103202336,813668,4,153.0,growth since 2019,0.0,,,,,,
20201103202336,763526,5,321.0,growth since 2020,0.0,,,,,,
20201103202336,812501,6,141.0,growth since 2020,0.0,,,,,,
20201103202336,841363,7,93.0,growth since 2020,1.0,,,,,,
20201103202336,661854,8,66.0,growth since 2019,0.0,,,,,,
20201103202336,761001,9,54.0,growth since 2020,1.0,,,,,,
20201103202336,435960,10,88.0,growth since 2018,0.0,,,,,,
20201103202336,712295,11,62.0,growth since 2020,0.0,,,,,,
20201103202336,836881,12,50.0,growth since 2020,0.0,,,,,,
20201103202336,722674,13,129.0,growth since 2019,570.0,,,,,,
20201103202336,810562,14,91.0,growth since 2020,85.0,,,,,,
20201103202336,766987,15,354.0,growth since 2020,80.0,,,,,,
20201103202336,745679,16,216.0,growth since 2020,41.0,,,,,,
20201103202336,776768,17,268.0,growth since 2020,36.0,,,,,,
20201103202336,748835,18,208.0,growth since 2020,22.0,,,,,,
20201103202336,737851,19,598.0,growth since 2020,19.0,,,,,,
20201103202336,856395,20,-10.0,growth since 2020,16.0,,,,,,
20201103202336,821715,21,813.0,growth since 2020,11.0,,,,,,
20201103202336,807199,22,105.0,growth since 2020,10.0,,,,,,
20201103202336,838568,23,538.0,growth since 2020,9.0,,,,,,
20201103202336,784579,24,,growth since 2020,0.0,,,,,,
20201103202336,818261,25,157.0,growth since 2020,8.0,,,,,,
20201103202336,817731,26,345.0,growth since 2020,7.0,,,,,,
20201103202336,811921,27,598.0,growth since 2018,2.0,,,,,,
20201103202336,377775,28,371.0,growth since 2017,0.0,,,,,,
20201103202336,849167,29,394.0,growth since 2020,4.0,,,,,,
20201103202336,753298,30,205.0,growth since 2020,4.0,,,,,,
20201103202336,844818,31,107.0,growth since 2020,0.0,,,,,,
20201103202336,847506,32,87.0,growth since 2020,1.0,,,,,,
20201103202336,848869,33,514.0,growth since 2020,0.0,,,,,,
20201103202336,842417,34,32.0,growth since 2020,0.0,,,,,,
20201103202336,841849,35,27.0,growth since 2020,0.0,,,,,,
20201103202336,842635,36,21.0,growth since 2020,0.0,,,,,,
20201103202336,842657,37,50.0,growth since 2020,0.0,,,,,,
20201103202336,853057,38,69.0,growth since 2020,0.0,,,,,,
20201103202336,851627,39,36.0,growth since 2020,0.0,,,,,,
20201103202336,843416,40,32.0,growth since 2020,0.0,,,,,,
20201103202336,845123,41,54.0,growth since 2020,0.0,,,,,,
20201201231154,662433,1,,growth since 2019,1.0,,,,,,
20201201231154,653036,2,806.0,growth since 2019,0.0,,,,,,
20201201231154,863212,3,371.0,growth since 2017,0.0,,,,,,
20201201231154,867728,4,941.0,growth since 2020,0.0,,,,,,
20201201231154,644941,5,227.0,growth since 2019,1.0,,,,,,
20201201231154,813668,6,225.0,growth since 2019,1.0,,,,,,
20201201231154,780203,7,252.0,growth since 2020,0.0,,,,,,
20201201231154,835622,8,130.0,growth since 2020,40.0,,,,,,
20201201231154,428416,9,405.0,growth since 2018,0.0,,,,,,
20201201231154,841363,10,88.0,growth since 2020,0.0,,,,,,
20201201231154,712295,11,86.0,growth since 2020,0.0,,,,,,
20201201231154,661854,12,74.0,growth since 2019,0.0,,,,,,
20201201231154,810562,13,120.0,growth since 2020,165.0,,,,,,
20201201231154,849167,14,448.0,growth since 2020,105.0,,,,,,
20201201231154,766987,15,402.0,growth since 2020,80.0,,,,,,
20201201231154,862902,16,548.0,growth since 2020,48.0,,,,,,
20201201231154,833270,17,156.0,growth since 2020,42.0,,,,,,
20201201231154,745679,18,293.0,growth since 2020,34.0,,,,,,
20201201231154,748835,19,282.0,growth since 2020,13.0,,,,,,
20201201231154,737855,20,959.0,growth since 2020,13.0,,,,,,
20201201231154,784579,21,,growth since 2020,8.0,,,,,,
20201201231154,834949,22,322.0,growth since 2020,7.0,,,,,,
20201201231154,753298,23,222.0,growth since 2020,5.0,,,,,,
20201201231154,811921,24,690.0,growth since 2018,0.0,,,,,,
20201201231154,377775,25,378.0,growth since 2017,0.0,,,,,,
20201201231154,803388,26,218.0,growth since 2020,8.0,,,,,,
20201201231154,784839,27,430.0,growth since 2020,12.0,,,,,,
20201201231154,874957,28,242.0,growth since 2019,0.0,,,,,,
20201201231154,865141,29,49.0,growth since 2020,0.0,,,,,,
20201201231154,868687,30,56.0,growth since 2020,0.0,,,,,,
20201201231154,872146,31,521.0,growth since 2020,0.0,,,,,,
20201201231154,859781,32,28.0,growth since 2020,0.0,,,,,,
20201201231154,858963,33,591.0,growth since 2019,4.0,,,,,,
20201201231154,863657,34,36.0,growth since 2020,0.0,,,,,,
20201201231154,867360,35,43.0,growth since 2020,0.0,,,,,,
20201201231154,861145,36,23.0,growth since 2020,0.0,,,,,,
20210101053654,662433,1,,growth since 2019,2.0,,,,,,
20210101053654,874957,2,236.0,growth since 2019,0.0,,,,,,
20210101053654,813668,3,241.0,growth since 2019,0.0,,,,,,
20210101053654,653036,4,671.0,growth since 2019,0.0,,,,,,
20210101053654,644941,5,180.0,growth since 2019,2.0,,,,,,
20210101053654,428416,6,439.0,growth since 2018,0.0,,,,,,
20210101053654,712295,7,67.0,growth since 2020,0.0,,,,,,
20210101053654,842917,8,60.0,growth since 2020,0.0,,,,,,
20210101053654,761001,9,111.0,growth since 2020,1.0,,,,,,
20210101053654,867728,10,561.0,growth since 2020,0.0,,,,,,
20210101053654,435960,11,106.0,growth since 2018,0.0,,,,,,
20210101053654,827279,12,41.0,growth since 2020,0.0,,,,,,
20210101053654,849167,13,549.0,growth since 2020,408.0,,,,,,
20210101053654,810562,14,81.0,growth since 2020,50.0,,,,,,
20210101053654,766987,15,453.0,growth since 2020,44.0,,,,,,
20210101053654,888061,16,10.0,growth since 2018,43.0,,,,,,
20210101053654,745679,17,376.0,growth since 2020,41.0,,,,,,
20210101053654,835622,18,240.0,growth since 2020,18.0,,,,,,
20210101053654,862902,19,560.0,growth since 2020,10.0,,,,,,
20210101053654,737862,20,357.0,growth since 2020,9.0,,,,,,
20210101053654,748835,21,258.0,growth since 2020,8.0,,,,,,
20210101053654,862853,22,49.0,growth since 2020,7.0,,,,,,
20210101053654,779886,23,36.0,growth since 2020,6.0,,,,,,
20210101053654,822424,24,70.0,growth since 2020,5.0,,,,,,
20210101053654,857840,25,476.0,growth since 2017,2.0,,,,,,
20210101053654,377775,26,393.0,growth since 2017,0.0,,,,,,
20210101053654,776768,27,345.0,growth since 2020,0.0,,,,,,
20210101053654,808118,28,266.0,growth since 2020,0.0,,,,,,
20210101053654,753298,29,256.0,growth since 2020,2.0,,,,,,
20210101053654,803388,30,266.0,growth since 2020,11.0,,,,,,
20210101053654,784839,31,522.0,growth since 2020,15.0,,,,,,
20210101053654,857830,32,387.0,growth since 2018,1.0,,,,,,
20210101053654,881064,33,79.0,growth since 2020,0.0,,,,,,
20210101053654,883292,34,35.0,growth since 2020,0.0,,,,,,
20210101053654,882887,35,36.0,growth since 2020,0.0,,,,,,
20210101053654,881792,36,32.0,growth since 2020,2.0,,,,,,
20210101053654,886564,37,43.0,growth since 2020,0.0,,,,,,
20210101053654,880982,38,34.0,growth since 2020,0.0,,,,,,
20210101053654,882152,39,32.0,growth since 2020,0.0,,,,,,
20210101053654,886664,40,30.0,growth since 2020,0.0,,,,,,
20210101053654,882526,41,52.0,growth since 2020,0.0,,,,,,
20210101053654,885971,42,132.0,growth since 2020,0.0,,,,,,
20210101053654,886442,43,26.0,growth since 2020,0.0,,,,,,
20210101053654,882383,44,23.0,growth since 2020,0.0,,,,,,
20210201223908,875273,1,682.0,growth since 2020,14.0,,,,,,
20210201223908,862902,2,586.0,growth since 2020,3.0,,,,,,
20210201223908,813668,3,335.0,growth since 2019,0.0,,,,,,
20210201223908,874957,4,240.0,growth since 2019,0.0,,,,,,
20210201223908,761001,5,158.0,growth since 2020,9.0,,,,,,
20210201223908,912294,6,268.0,growth since 2020,6.0,,,,,,
20210201223908,653036,7,,growth since 2019,0.0,,,,,,
20210201223908,780203,8,302.0,growth since 2020,0.0,,,,,,
20210201223908,712295,9,82.0,growth since 2020,0.0,,,,,,
20210201223908,842917,10,83.0,growth since 2020,0.0,,,,,,
20210201223908,661854,11,82.0,growth since 2019,0.0,,,,,,
20210201223908,870703,12,205.0,growth since 2020,0.0,,,,,,
20210201223908,849167,13,794.0,growth since 2020,362.0,,,,,,
20210201223908,766987,14,548.0,growth since 2020,100.0,,,,,,
20210201223908,887324,15,,growth since 2020,77.0,,,,,,
20210201223908,745679,16,286.0,growth since 2020,60.0,,,,,,
20210201223908,888061,17,20.0,growth since 2018,40.0,,,,,,
20210201223908,835622,18,342.0,growth since 2020,22.0,,,,,,
20210201223908,857830,19,394.0,growth since 2018,20.0,,,,,,
20210201223908,737862,20,427.0,growth since 2020,18.0,,,,,,
20210201223908,834809,21,90.0,growth since 2020,14.0,,,,,,
20210201223908,810562,22,98.0,growth since 2020,12.0,,,,,,
20210201223908,872146,23,,growth since 2020,3.0,,,,,,
20210201223908,811921,24,706.0,growth since 2018,0.0,,,,,,
20210201223908,753298,25,291.0,growth since 2020,2.0,,,,,,
20210201223908,803388,26,303.0,growth since 2020,26.0,,,,,,
20210201223908,905806,27,177.0,growth since 2020,0.0,,,,,,
20210201223908,911487,28,272.0,growth since 2020,0.0,,,,,,
20210201223908,901677,29,99.0,growth since 2020,1.0,,,,,,
20210201223908,912824,30,244.0,growth since 2020,0.0,,,,,,
20210201223908,906316,31,18.0,growth since 2021,7.0,,,,,,
20210201223908,900426,32,47.0,growth since 2021,0.0,,,,,,
20210201223908,903397,33,34.0,growth since 2020,0.0,,,,,,
20210201223908,902413,34,44.0,growth since 2021,0.0,,,,,,
20210201223908,907618,35,45.0,growth since 2020,0.0,,,,,,
20210201223908,903798,36,41.0,growth since 2020,3.0,,,,,,
20210201223908,916341,37,81.0,growth since 2020,0.0,,,,,,
20210303111721,811921,1,722.0,growth since 2018,0.0,,,,,,
20210303111721,662433,2,,growth since 2019,1.0,,,,,,
20210303111721,653036,3,,growth since 2019,0.0,,,,,,
20210303111721,813668,4,361.0,growth since 2019,1.0,,,,,,
20210303111721,939747,5,528.0,growth since 2019,1.0,,,,,,
20210303111721,712295,6,84.0,growth since 2020,0.0,,,,,,
20210303111721,827359,7,73.0,growth since 2020,0.0,,,,,,
20210303111721,813159,8,70.0,growth since 2020,0.0,,,,,,
20210303111721,863212,9,878.0,growth since 2017,0.0,,,,,,
20210303111721,842917,10,77.0,growth since 2020,0.0,,,,,,
20210303111721,874957,11,232.0,growth since 2019,0.0,,,,,,
20210303111721,436202,12,67.0,growth since 2020,0.0,,,,,,
20210303111721,849167,13,,growth since 2020,428.0,,,,,,
20210303111721,887324,14,,growth since 2020,289.0,,,,,,
20210303111721,766987,15,699.0,growth since 2020,142.0,,,,,,
20210303111721,906316,16,70.0,growth since 2021,33.0,,,,,,
20210303111721,737862,17,476.0,growth since 2020,28.0,,,,,,
20210303111721,908905,18,262.0,growth since 2021,27.0,,,,,,
20210303111721,886704,19,,growth since 2020,26.0,,,,,,
20210303111721,745679,20,263.0,growth since 2020,19.0,,,,,,
20210303111721,888061,21,-24.0,growth since 2018,15.0,,,,,,
20210303111721,921085,22,6.0,growth since 2019,14.0,,,,,,
20210303111721,873700,23,386.0,growth since 2020,12.0,,,,,,
20210303111721,926780,24,225.0,growth since 2020,12.0,,,,,,
20210303111721,862902,25,650.0,growth since 2020,10.0,,,,,,
20210303111721,834809,26,98.0,growth since 2020,10.0,,,,,,
20210303111721,803388,27,459.0,growth since 2020,42.0,,,,,,
20210303111721,784839,28,873.0,growth since 2020,65.0,,,,,,
20210303111721,923227,29,189.0,growth since 2020,0.0,,,,,,
20210303111721,926223,30,75.0,growth since 2020,0.0,,,,,,
20210303111721,923272,31,75.0,growth since 2020,0.0,,,,,,
20210303111721,926042,32,49.0,growth since 2020,0.0,,,,,,
20210303111721,926088,33,55.0,growth since 2021,0.0,,,,,,
20210303111721,937595,34,81.0,growth since 2020,0.0,,,,,,
20210303111721,926097,35,60.0,growth since 2020,0.0,,,,,,
20210303111721,928363,36,40.0,growth since 2021,0.0,,,,,,
20210303111721,930690,37,39.0,growth since 2021,0.0,,,,,,
20210303111721,921976,38,51.0,growth since 2020,0.0,,,,,,
20210303111721,927811,39,28.0,growth since 2021,0.0,,,,,,
20210402234717,862902,1,663.0,growth since 2020,5.0,,,,,,
20210402234717,811921,2,791.0,growth since 2018,3.0,,,,,,
20210402234717,906316,3,52.0,growth since 2021,64.0,,,,,,
20210402234717,874957,4,220.0,growth since 2019,1.0,,,,,,
20210402234717,813668,5,213.0,growth since 2019,0.0,,,,,,
20210402234717,883603,6,116.0,growth since 2020,1.0,,,,,,
20210402234717,945788,7,112.0,growth since 2020,0.0,,,,,,
20210402234717,818272,8,180.0,growth since 2020,1.0,,,,,,
20210402234717,863212,9,741.0,growth since 2017,0.0,,,,,,
20210402234717,827359,10,71.0,growth since 2020,0.0,,,,,,
20210402234717,712295,11,66.0,growth since 2020,0.0,,,,,,
20210402234717,910204,12,73.0,growth since 2021,0.0,,,,,,
20210402234717,887324,13,,growth since 2020,634.0,,,,,,
20210402234717,766987,14,692.0,growth since 2020,119.0,,,,,,
20210402234717,849167,15,196.0,growth since 2020,85.0,,,,,,
20210402234717,737862,16,553.0,growth since 2020,48.0,,,,,,
20210402234717,952955,17,,growth since 2021,40.0,,,,,,
20210402234717,908905,18,247.0,growth since 2021,35.0,,,,,,
20210402234717,964740,19,97.0,growth since 2020,34.0,,,,,,
20210402234717,873700,20,467.0,growth since 2020,29.0,,,,,,
20210402234717,926780,21,232.0,growth since 2020,29.0,,,,,,
20210402234717,825946,22,,growth since 2020,15.0,,,,,,
20210402234717,943380,23,483.0,growth since 2021,14.0,,,,,,
20210402234717,790719,24,158.0,growth since 2020,8.0,,,,,,
20210402234717,776768,25,378.0,growth since 2020,0.0,,,,,,
20210402234717,377775,26,436.0,growth since 2017,0.0,,,,,,
20210402234717,829814,27,269.0,growth since 2020,0.0,,,,,,
20210402234717,832511,28,485.0,growth since 2020,2.0,,,,,,
20210402234717,784839,29,977.0,growth since 2020,51.0,,,,,,
20210402234717,960040,30,128.0,growth since 2020,0.0,,,,,,
20210402234717,954736,31,77.0,growth since 2020,0.0,,,,,,
20210402234717,960972,32,664.0,growth since 2020,0.0,,,,,,
20210402234717,949373,33,55.0,growth since 2021,0.0,,,,,,
20210402234717,959318,34,84.0,growth since 2020,0.0,,,,,,
20210402234717,962491,35,102.0,growth since 2020,0.0,,,,,,
20210402234717,968123,36,,growth since 2020,2.0,,,,,,
20210402234717,950455,37,43.0,growth since 2021,0.0,,,,,,
20210402234717,953897,38,54.0,growth since 2021,1.0,,,,,,
20210402234717,952944,39,31.0,growth since 2021,0.0,,,,,,
20210402234717,949740,40,39.0,growth since 2021,0.0,,,,,,
20210503154223,662433,1,,growth since 2019,1.0,,,,,,
20210503154223,811921,2,810.0,growth since 2018,2.0,,,,,,
20210503154223,939747,3,522.0,growth since 2019,0.0,,,,,,
20210503154223,874957,4,240.0,growth since 2019,0.0,,,,,,
20210503154223,653036,5,,growth since 2019,0.0,,,,,,
20210503154223,967563,6,228.0,growth since 2020,0.0,,,,,,
20210503154223,975496,7,207.0,growth since 2021,0.0,,,,,,
20210503154223,883603,8,128.0,growth since 2020,3.0,,,,,,
20210503154223,813668,9,176.0,growth since 2019,0.0,,,,,,
20210503154223,962491,10,114.0,growth since 2020,1.0,,,,,,
20210503154223,818272,11,211.0,growth since 2020,0.0,,,,,,
20210503154223,712295,12,87.0,growth since 2020,0.0,,,,,,
20210503154223,887324,13,,growth since 2020,726.0,,,,,,
20210503154223,943380,14,680.0,growth since 2021,84.0,,,,,,
20210503154223,950082,15,,growth since 2020,57.0,,,,,,
20210503154223,766987,16,588.0,growth since 2020,43.0,,,,,,
20210503154223,737862,17,708.0,growth since 2020,33.0,,,,,,
20210503154223,849167,18,237.0,growth since 2020,21.0,,,,,,
20210503154223,959373,19,,growth since 2021,18.0,,,,,,
20210503154223,984966,20,6.0,growth since 2021,16.0,,,,,,
20210503154223,979607,21,189.0,growth since 2021,13.0,,,,,,
20210503154223,833270,22,444.0,growth since 2020,12.0,,,,,,
20210503154223,790719,23,181.0,growth since 2020,11.0,,,,,,
20210503154223,926780,24,236.0,growth since 2020,10.0,,,,,,
20210503154223,862902,25,332.0,growth since 2020,8.0,,,,,,
20210503154223,908905,26,322.0,growth since 2021,8.0,,,,,,
20210503154223,933188,27,140.0,growth since 2021,8.0,,,,,,
20210503154223,776768,28,395.0,growth since 2020,1.0,,,,,,
20210503154223,832511,29,607.0,growth since 2020,3.0,,,,,,
20210503154223,985804,30,194.0,growth since 2020,0.0,,,,,,
20210503154223,976963,31,66.0,growth since 2020,0.0,,,,,,
20210503154223,973061,32,37.0,growth since 2021,0.0,,,,,,
20210503154223,983635,33,80.0,growth since 2020,0.0,,,,,,
20210503154223,973088,34,163.0,growth since 2021,0.0,,,,,,
20210503154223,976824,35,48.0,growth since 2021,0.0,,,,,,
20210503154223,970229,36,30.0,growth since 2021,0.0,,,,,,
20210503154223,977324,37,45.0,growth since 2021,0.0,,,,,,
20210503154223,988810,38,263.0,growth since 2019,0.0,,,,,,
20210503154223,978226,39,72.0,growth since 2021,0.0,,,,,,
20210606104821,883603,1,159.0,growth since 2020,,,,,,,
20210606104821,939747,2,624.0,growth since 2019,,,,,,,
20210606104821,653036,3,,growth since 2019,,,,,,,
20210606104821,967563,4,271.0,growth since 2020,,,,,,,
20210606104821,962491,5,129.0,growth since 2020,,,,,,,
20210606104821,999907,6,167.0,growth since 2020,,,,,,,
20210606104821,950327,7,128.0,growth since 2021,,,,,,,
20210606104821,944440,8,82.0,growth since 2020,,,,,,,
20210606104821,863212,9,843.0,growth since 2017,,,,,,,
20210606104821,945788,10,79.0,growth since 2020,,,,,,,
20210606104821,954736,11,93.0,growth since 2020,,,,,,,
20210606104821,991819,12,119.0,growth since 2021,,,,,,,
20210606104821,887324,13,,growth since 2020,875.0,,,,,,
20210606104821,943380,14,,growth since 2021,207.0,,,,,,
20210606104821,950082,15,,growth since 2020,55.0,,,,,,
20210606104821,985946,16,501.0,growth since 2020,54.0,,,,,,
20210606104821,957277,17,288.0,growth since 2021,48.0,,,,,,
20210606104821,868817,18,,growth since 2020,48.0,,,,,,
20210606104821,960759,19,713.0,growth since 2021,34.0,,,,,,
20210606104821,766987,20,694.0,growth since 2020,24.0,,,,,,
20210606104821,737862,21,791.0,growth since 2020,24.0,,,,,,
20210606104821,790719,22,213.0,growth since 2020,18.0,,,,,,
20210606104821,979607,23,238.0,growth since 2021,11.0,,,,,,
20210606104821,811921,24,994.0,growth since 2018,,,,,,,
20210606104821,940684,25,233.0,growth since 2020,,,,,,,
20210606104821,787041,26,,growth since 2020,10.0,,,,,,
20210606104821,753298,27,543.0,growth since 2020,1.0,,,,,,
20210606104821,776768,28,513.0,growth since 2020,,,,,,,
20210606104821,799008,29,277.0,growth since 2020,4.0,,,,,,
20210606104821,802199,30,212.0,growth since 2020,1.0,,,,,,
20210606104821,946519,31,242.0,growth since 2021,0.0,,,,,,
20210606104821,877256,32,194.0,growth since 2019,,,,,,,
20210606104821,883698,33,305.0,growth since 2020,0.0,,,,,,
20210606104821,999529,34,152.0,growth since 2020,2.0,,,,,,
20210606104821,949373,35,103.0,growth since 2021,4.0,,,,,,
20210606104821,933610,36,66.0,growth since 2021,,,,,,,
20210606104821,962035,37,76.0,growth since 2021,0.0,,,,,,
20210606104821,962040,38,72.0,growth since 2021,0.0,,,,,,
20210606104821,1004141,39,313.0,growth since 2020,,,,,,,
20210606104821,997913,40,199.0,growth since 2021,0.0,,,,,,
20210606104821,996085,41,55.0,growth since 2021,,,,,,,
20210606104821,1001413,42,80.0,growth since 2020,,,,,,,
20210606104821,995318,43,37.0,growth since 2021,,,,,,,
20210606104821,998406,44,38.0,growth since 2021,1.0,,,,,,
20210606104821,994053,45,31.0,growth since 2021,,,,,,,
20210606104821,1010969,46,114.0,growth since 2021,0.0,,,,,,
20210606104821,1000375,47,150.0,growth since 2021,,,,,,,
20210606104821,996098,48,27.0,growth since 2021,0.0,,,,,,
20210708012606,811921,1,,growth since 2018,,,,,,,
20210708012606,883603,2,157.0,growth since 2020,,,,,,,
20210708012606,874957,3,235.0,growth since 2019,,,,,,,
20210708012606,991819,4,200.0,growth since 2021,,,,,,,
20210708012606,962491,5,143.0,growth since 2020,,,,,,,
20210708012606,818272,6,236.0,growth since 2020,,,,,,,
20210708012606,428416,7,364.0,growth since 2018,,,,,,,
20210708012606,714125,8,136.0,growth since 2020,,,,,,,
20210708012606,863212,9,880.0,growth since 2017,,,,,,,
20210708012606,905420,10,84.0,growth since 2021,,,,,,,
20210708012606,876479,11,100.0,growth since 2020,,,,,,,
20210708012606,811253,12,76.0,growth since 2020,,,,,,,
20210708012606,943380,13,,growth since 2021,470.0,,,,,,
20210708012606,960759,14,,growth since 2021,227.0,,,,,,
20210708012606,950082,15,,growth since 2020,55.0,,,,,,
20210708012606,959376,16,99.0,growth since 2021,,,,,,,
20210708012606,766987,17,859.0,growth since 2020,23.0,,,,,,
20210708012606,790719,18,217.0,growth since 2020,20.0,,,,,,
20210708012606,737862,19,788.0,growth since 2020,19.0,,,,,,
20210708012606,824143,20,295.0,growth since 2020,,,,,,,
20210708012606,799008,21,335.0,growth since 2020,12.0,,,,,,
20210708012606,949373,22,91.0,growth since 2021,10.0,,,,,,
20210708012606,971287,23,,growth since 2021,9.0,,,,,,
20210708012606,945540,24,236.0,growth since 2021,,,,,,,
20210708012606,776768,25,450.0,growth since 2020,,,,,,,
20210708012606,908905,26,604.0,growth since 2021,2.0,,,,,,
20210708012606,829814,27,427.0,growth since 2020,,,,,,,
20210708012606,959451,28,,growth since 2020,3.0,,,,,,
20210708012606,960972,29,,growth since 2020,1.0,,,,,,
20210708012606,862902,30,336.0,growth since 2020,,,,,,,
20210708012606,1044859,31,334.0,growth since 2021,,,,,,,
20210708012606,1044879,32,149.0,growth since 2020,0.0,,,,,,
20210708012606,1039527,33,58.0,growth since 2021,,,,,,,
20210708012606,1044725,34,117.0,growth since 2020,,,,,,,
20210708012606,1041956,35,44.0,growth since 2021,0.0,,,,,,
20210708012606,1046427,36,43.0,growth since 2021,,,,,,,
20210708012606,1041148,37,40.0,growth since 2021,,,,,,,
20210708012606,1032695,38,26.0,growth since 2021,,,,,,,
20210708012606,1035846,39,47.0,growth since 2021,,,,,,,
20210708012606,1041400,40,70.0,growth since 2021,0.0,,,,,,
20210708012606,1047558,41,42.0,growth since 2021,0.0,,,,,,
20210708012606,1051758,42,47.0,growth since 2021,0.0,,,,,,
20210805054303,811921,1,,growth since 2018,,,,,,,
20210805054303,999474,2,189.0,growth since 2021,,,,,,,
20210805054303,631806,3,692.0,growth since 2019,,,,,,,
20210805054303,862902,4,347.0,growth since 2020,,,,,,,
20210805054303,948936,5,217.0,growth since 2020,,,,,,,
20210805054303,877394,6,138.0,growth since 2020,,,,,,,
20210805054303,818272,7,272.0,growth since 2020,,,,,,,
20210805054303,993507,8,123.0,growth since 2021,,,,,,,
20210805054303,428416,9,447.0,growth since 2018,,,,,,,
20210805054303,876479,10,120.0,growth since 2020,,,,,,,
20210805054303,1014932,11,13.0,growth since 2021,,,,,,,
20210805054303,863212,12,,growth since 2017,,,,,,,
20210805054303,950082,13,,growth since 2020,114.0,,,,,,
20210805054303,1019066,14,,growth since 2021,86.0,,,,,,
20210805054303,890367,15,50.0,growth since 2020,,,,,,,
20210805054303,824143,16,310.0,growth since 2020,,,,,,,
20210805054303,971287,17,,growth since 2021,19.0,,,,,,
20210805054303,766987,18,,growth since 2020,18.0,,,,,,
20210805054303,799008,19,389.0,growth since 2020,17.0,,,,,,
20210805054303,1073943,20,572.0,growth since 2021,17.0,,,,,,
20210805054303,737862,21,877.0,growth since 2020,15.0,,,,,,
20210805054303,1000734,22,177.0,growth since 2021,,,,,,,
20210805054303,1044859,23,375.0,growth since 2021,,,,,,,
20210805054303,790719,24,245.0,growth since 2020,23.0,,,,,,
20210805054303,949373,25,118.0,growth since 2021,8.0,,,,,,
20210805054303,829814,26,683.0,growth since 2020,1.0,,,,,,
20210805054303,959451,27,,growth since 2020,9.0,,,,,,
20210805054303,960972,28,,growth since 2020,2.0,,,,,,
20210805054303,630041,29,353.0,growth since 2019,,,,,,,
20210805054303,1073131,30,847.0,growth since 2020,2.0,,,,,,
20210805054303,1090415,31,582.0,growth since 2020,0.0,,,,,,
20210805054303,1093751,32,273.0,growth since 2021,,,,,,,
20210805054303,1079955,33,128.0,growth since 2020,0.0,,,,,,
20210805054303,1069767,34,123.0,growth since 2021,0.0,,,,,,
20210805054303,1097398,35,167.0,growth since 2021,,,,,,,
20210805054303,1076020,36,151.0,growth since 2021,,,,,,,
20210805054303,1085213,37,74.0,growth since 2021,0.0,,,,,,
20210805054303,1074431,38,125.0,growth since 2021,0.0,,,,,,
20210805054303,1069458,39,41.0,growth since 2021,,,,,,,
20210805054303,1096768,40,836.0,growth since 2021,0.0,,,,,,
20210903081541,811921,1,,growth since 2018,,,,,,,
20210903081541,999474,2,215.0,growth since 2021,,,,,,,
20210903081541,939747,3,,growth since 2019,,,,,,,
20210903081541,631806,4,711.0,growth since 2019,,,,,,,
20210903081541,953945,5,605.0,growth since 2021,,,,,,,
20210903081541,653036,6,,growth since 2019,,,,,,,
20210903081541,1154925,7,,growth since 2020,,,,,,,
20210903081541,948936,8,237.0,growth since 2020,,,,,,,
20210903081541,1099708,9,166.0,growth since 2021,,,,,,,
20210903081541,921731,10,148.0,growth since 2021,,,,,,,
20210903081541,877394,11,142.0,growth since 2020,,,,,,,
20210903081541,863212,12,,growth since 2017,,,,,,,
20210903081541,950082,13,,growth since 2020,200.0,,,,,,
20210903081541,943380,14,732.0,growth since 2021,109.0,,,,,,
20210903081541,890367,15,57.0,growth since 2020,,,,,,,
20210903081541,1098108,16,51.0,growth since 2021,51.0,,,,,,
20210903081541,1107970,17,,growth since 2021,50.0,,,,,,
20210903081541,1019066,18,-59.0,growth since 2021,26.0,,,,,,
20210903081541,971287,19,,growth since 2021,23.0,,,,,,
20210903081541,766987,20,,growth since 2020,21.0,,,,,,
20210903081541,824152,21,737.0,growth since 2020,19.0,,,,,,
20210903081541,737862,22,951.0,growth since 2020,18.0,,,,,,
20210903081541,1073943,23,613.0,growth since 2021,,,,,,,
20210903081541,790719,24,258.0,growth since 2020,21.0,,,,,,
20210903081541,824143,25,323.0,growth since 2020,,,,,,,
20210903081541,949373,26,139.0,growth since 2021,14.0,,,,,,
20210903081541,829814,27,900.0,growth since 2020,3.0,,,,,,
20210903081541,959451,28,,growth since 2020,13.0,,,,,,
20210903081541,960972,29,,growth since 2020,8.0,,,,,,
20210903081541,630041,30,398.0,growth since 2019,,,,,,,
20210903081541,1122405,31,264.0,growth since 2021,0.0,,,,,,
20210903081541,1130428,32,142.0,growth since 2020,,,,,,,
20210903081541,1117174,33,101.0,growth since 2021,1.0,,,,,,
20210903081541,1114423,34,89.0,growth since 2021,,,,,,,
20210903081541,1119157,35,173.0,growth since 2020,,,,,,,
20210903081541,1141906,36,210.0,growth since 2021,,,,,,,
20210903081541,1140950,37,88.0,growth since 2020,,,,,,,
20210903081541,1130163,38,140.0,growth since 2019,,,,,,,
20210903081541,1119818,39,44.0,growth since 2021,0.0,,,,,,
20210903081541,1134111,40,55.0,growth since 2021,,,,,,,
20210903081541,1127506,41,41.0,growth since 2021,,,,,,,
20211004003235,939747,1,,growth since 2019,,,,,,,
20211004003235,428416,2,549.0,growth since 2018,,,,,,,
20211004003235,653036,3,,growth since 2019,,,,,,,
20211004003235,948936,4,304.0,growth since 2020,,,,,,,
20211004003235,1122405,5,204.0,growth since 2021,,,,,,,
20211004003235,1054611,6,135.0,growth since 2021,,,,,,,
20211004003235,818272,7,272.0,growth since 2020,,,,,,,
20211004003235,877394,8,134.0,growth since 2020,,,,,,,
20211004003235,863212,9,,growth since 2017,,,,,,,
20211004003235,951062,10,113.0,growth since 2021,,,,,,,
20211004003235,1046056,11,116.0,growth since 2021,,,,,,,
20211004003235,1127506,12,95.0,growth since 2021,,,,,,,
20211004003235,950082,13,,growth since 2020,258.0,,,,,,
20211004003235,943380,14,,growth since 2021,85.0,,,,,,
20211004003235,890367,15,65.0,growth since 2020,,,,,,,
20211004003235,811921,16,,growth since 2018,,,,,,,
20211004003235,999474,17,242.0,growth since 2021,,,,,,,
20211004003235,824152,18,876.0,growth since 2020,28.0,,,,,,
20211004003235,737862,19,,growth since 2020,25.0,,,,,,
20211004003235,1086650,20,69.0,growth since 2021,18.0,,,,,,
20211004003235,1104426,21,,growth since 2021,15.0,,,,,,
20211004003235,1073635,22,816.0,growth since 2021,13.0,,,,,,
20211004003235,971287,23,,growth since 2021,11.0,,,,,,
20211004003235,973925,24,,growth since 2021,10.0,,,,,,
20211004003235,829814,25,,growth since 2020,,,,,,,
20211004003235,790719,26,273.0,growth since 2020,18.0,,,,,,
20211004003235,1073943,27,662.0,growth since 2021,,,,,,,
20211004003235,951055,28,546.0,growth since 2021,,,,,,,
20211004003235,959451,29,,growth since 2020,34.0,,,,,,
20211004003235,960972,30,,growth since 2020,8.0,,,,,,
20211004003235,1156105,31,,growth since 2020,1.0,,,,,,
20211004003235,1158160,32,115.0,growth since 2021,0.0,,,,,,
20211004003235,1174886,33,126.0,growth since 2021,,,,,,,
20211004003235,1192370,34,,growth since 2021,6.0,,,,,,
20211004003235,1179975,35,154.0,growth since 2021,,,,,,,
20211004003235,1170635,36,83.0,growth since 2021,,,,,,,
20211004003235,1188794,37,311.0,growth since 2021,4.0,,,,,,
20211004003235,1178064,38,107.0,growth since 2020,,,,,,,
20211004003235,1174697,39,87.0,growth since 2021,,,,,,,
20211004003235,1156794,40,151.0,growth since 2021,0.0,,,,,,
20211004003235,1178036,41,74.0,growth since 2020,,,,,,,
20211004003235,1167934,42,37.0,growth since 2021,,,,,,,
20220117182654,939747,1,934.0,growth since 2019,,,,,,,
20220117182654,428416,2,561.0,growth since 2018,,,,,,,
20220117182654,1115903,3,539.0,growth since 2021,,,,,,,
20220117182654,1304098,4,232.0,growth since 2021,,,,,,,
20220117182654,653036,5,,growth since 2019,,,,,,,
20220117182654,1303042,6,,growth since 2021,,,,,,,
20220117182654,1054611,7,225.0,growth since 2021,,,,,,,
20220117182654,1228584,8,128.0,growth since 2021,,,,,,,
20220117182654,654819,9,159.0,growth since 2020,,,,,,,
20220117182654,968868,10,133.0,growth since 2021,,,,,,,
20220117182654,1069767,11,125.0,growth since 2021,,,,,,,
20220117182654,1229268,12,118.0,growth since 2021,,,,,,,
20220117182654,1214100,13,579.0,growth since 2021,,,,,,,
20220117182654,1326475,14,,growth since 2020,103.0,,,,,,
20220117182654,1244789,15,-21.0,growth since 2021,93.0,,,,,,
20220117182654,890367,16,86.0,growth since 2020,,,,,,,
20220117182654,973925,17,,growth since 2021,39.0,,,,,,
20220117182654,1251409,18,,growth since 2021,,,,,,,
20220117182654,1291842,19,376.0,growth since 2021,32.0,,,,,,
20220117182654,959451,20,,growth since 2020,20.0,,,,,,
20220117182654,1256409,21,132.0,growth since 2021,19.0,,,,,,
20220117182654,1320934,22,,growth since 2021,,,,,,,
20220117182654,1236251,23,447.0,growth since 2021,13.0,,,,,,
20220117182654,1161033,24,218.0,growth since 2021,,,,,,,
20220117182654,630041,25,485.0,growth since 2019,,,,,,,
20220117182654,1233614,26,465.0,growth since 2021,0.0,,,,,,
20220117182654,1133628,27,436.0,growth since 2021,,,,,,,
20220117182654,377775,28,658.0,growth since 2017,3.0,,,,,,
20220117182654,783756,29,366.0,growth since 2020,0.0,,,,,,
20220117182654,1289198,30,368.0,growth since 2019,0.0,,,,,,
20220117182654,1309791,31,,growth since 2021,3.0,,,,,,
20220117182654,1328454,32,118.0,growth since 2021,,,,,,,
20220117182654,1320538,33,42.0,growth since 2021,,,,,,,
20220117182654,1324761,34,51.0,growth since 2021,,,,,,,
20220117182654,1323156,35,46.0,growth since 2021,0.0,,,,,,
20220117182654,1345276,36,161.0,growth since 2021,0.0,,,,,,
20220117182654,1327467,37,52.0,growth since 2020,,,,,,,
20220117182654,1323080,38,29.0,growth since 2021,,,,,,,
20220117182654,1338915,39,81.0,growth since 2021,,,,,,,
20220117182654,1321808,40,30.0,growth since 2021,,,,,,,
20220117182654,1315639,41,17.0,growth since 2021,,,,,,,
20220117182654,1320208,42,18.0,growth since 2021,,,,,,,
20220810041228,843451,1,453.0,growth since 2020,,,,,,,
20220810041228,939747,2,,growth since 2019,,,,,,,
20220810041228,1115903,3,456.0,growth since 2021,,,,,,,
20220810041228,1598419,4,333.0,growth since 2021,,,,,,,
20220810041228,1481291,5,327.0,growth since 2021,,,,,,,
20220810041228,1557243,6,303.0,growth since 2022,,,,,,,
20220810041228,1431540,7,243.0,growth since 2022,,,,,,,
20220810041228,428416,8,386.0,growth since 2018,,,,,,,
20220810041228,1507561,9,251.0,growth since 2022,,,,,,,
20220810041228,1421773,10,869.0,growth since 2022,,,,,,,
20220810041228,1395432,11,105.0,growth since 2021,,,,,,,
20220810041228,762818,12,87.0,growth since 2020,,,,,,,
20220810041228,1487129,13,,growth since 2021,,,,,,,
20220810041228,890367,14,166.0,growth since 2020,180.0,,,,,,
20220810041228,1559274,15,419.0,growth since 2022,,,,,,,
20220810041228,1486477,16,467.0,growth since 2021,,,,,,,
20220810041228,1368342,17,797.0,growth since 2022,50.0,,,,,,
20220810041228,1408391,18,,growth since 2022,50.0,,,,,,
20220810041228,1601400,19,,growth since 2022,36.0,,,,,,
20220810041228,1079507,20,232.0,growth since 2021,34.0,,,,,,
20220810041228,1647481,21,7.0,growth since 2022,32.0,,,,,,
20220810041228,1214100,22,903.0,growth since 2021,,,,,,,
20220810041228,798045,23,,growth since 2020,19.0,,,,,,
20220810041228,1526229,24,402.0,growth since 2022,14.0,,,,,,
20220810041228,802199,25,,growth since 2020,8.0,,,,,,
20220810041228,1506203,26,358.0,growth since 2021,15.0,,,,,,
20220810041228,1334830,27,,growth since 2022,5.0,,,,,,
20220810041228,790719,28,736.0,growth since 2020,87.0,,,,,,
20220810041228,1334849,29,694.0,growth since 2022,36.0,,,,,,
20220810041228,829814,30,,growth since 2020,0.0,,,,,,
20220810041228,1609987,31,,growth since 2021,,,,,,,
20220810041228,1612052,32,368.0,growth since 2022,0.0,,,,,,
20220810041228,1608053,33,126.0,growth since 2022,0.0,,,,,,
20220810041228,1640022,34,307.0,growth since 2021,,,,,,,
20220810041228,1618772,35,75.0,growth since 2022,0.0,,,,,,
20220810041228,1624974,36,143.0,growth since 2022,,,,,,,
20220810041228,1613009,37,138.0,growth since 2022,0.0,,,,,,
20220810041228,1608556,38,47.0,growth since 2021,,,,,,,
20220810041228,1607594,39,40.0,growth since 2022,,,,,,,
20220810041228,1629142,40,210.0,growth since 2022,0.0,,,,,,
20220810041228,1608180,41,39.0,growth since 2022,0.0,,,,,,
20220810041228,1612096,42,41.0,growth since 2022,0.0,,,,,,
20221209125144,1722050,1,396.0,growth since 2021,,,,,,,
20221209125144,1609987,2,920.0,growth since 2021,,,,,,,
20221209125144,986876,3,287.0,growth since 2021,,,,,,,
20221209125144,1659067,4,155.0,growth since 2020,,,,,,,
20221209125144,1395432,5,148.0,growth since 2021,,,,,,,
20221209125144,1712880,6,216.0,growth since 2022,,,,,,,
20221209125144,1766488,7,162.0,growth since 2021,,,,,,,
20221209125144,1160141,8,123.0,growth since 2021,,,,,,,
20221209125144,1552871,9,143.0,growth since 2022,,,,,,,
20221209125144,1673465,10,177.0,growth since 2022,,,,,,,
20221209125144,871735,11,100.0,growth since 2020,,,,,,,
20221209125144,1342817,12,91.0,growth since 2022,,,,,,,
20221209125144,1487129,13,,growth since 2021,537.0,,,,,,
20221209125144,1486477,14,671.0,growth since 2021,,,,,,,
20221209125144,1713478,15,128.0,growth since 2022,,,,,,,
20221209125144,1368342,16,,growth since 2022,53.0,,,,,,
20221209125144,1740589,17,,growth since 2022,53.0,,,,,,
20221209125144,1506334,18,,growth since 2022,27.0,,,,,,
20221209125144,1786051,19,,growth since 2022,26.0,,,,,,
20221209125144,843451,20,518.0,growth since 2020,,,,,,,
20221209125144,1722527,21,195.0,growth since 2022,,,,,,,
20221209125144,1667915,22,740.0,growth since 2022,12.0,,,,,,
20221209125144,1753246,23,22.0,growth since 2022,11.0,,,,,,
20221209125144,1334849,24,,growth since 2022,10.0,,,,,,
20221209125144,726729,25,551.0,growth since 2020,9.0,,,,,,
20221209125144,1654540,26,182.0,growth since 2022,,,,,,,
20221209125144,951062,27,880.0,growth since 2021,1.0,,,,,,
20221209125144,1392089,28,871.0,growth since 2021,3.0,,,,,,
20221209125144,1589250,29,131.0,growth since 2022,,,,,,,
20221209125144,1224709,30,739.0,growth since 2021,,,,,,,
20221209125144,1768121,31,613.0,growth since 2022,2.0,,,,,,
20221209125144,1789433,32,,growth since 2022,,,,,,,
20221209125144,1771984,33,359.0,growth since 2022,0.0,,,,,,
20221209125144,1771522,34,173.0,growth since 2021,,,,,,,
20221209125144,1768998,35,67.0,growth since 2022,,,,,,,
20221209125144,1778890,36,97.0,growth since 2022,0.0,,,,,,
20221209125144,1782366,37,114.0,growth since 2022,0.0,,,,,,
20221209125144,1771334,38,44.0,growth since 2022,0.0,,,,,,
20221209125144,1774483,39,75.0,growth since 2022,,,,,,,
20221209125144,1774608,40,36.0,growth since 2022,0.0,,,,,,
20221209125144,1778541,41,43.0,growth since 2022,0.0,,,,,,
20230216160733,1726461,1,,growth since 2022,,,,,,,
20230216160733,1598419,2,556.0,growth since 2021,,,,,,,
20230216160733,1405177,3,667.0,growth since 2021,,,,,,,
20230216160733,1712880,4,350.0,growth since 2022,,,,,,,
20230216160733,1722496,5,239.0,growth since 2022,,,,,,,
20230216160733,1619669,6,357.0,growth since 2022,,,,,,,
20230216160733,1290661,7,967.0,growth since 2021,,,,,,,
20230216160733,1395432,8,152.0,growth since 2021,,,,,,,
20230216160733,1659067,9,134.0,growth since 2020,,,,,,,
20230216160733,1727869,10,117.0,growth since 2022,,,,,,,
20230216160733,1342817,11,116.0,growth since 2022,,,,,,,
20230216160733,1766488,12,189.0,growth since 2021,,,,,,,
20230216160733,1487129,13,,growth since 2021,214.0,,,,,,
20230216160733,1786051,14,,growth since 2022,181.0,,,,,,
20230216160733,1740589,15,,growth since 2022,110.0,,,,,,
20230216160733,1788678,16,,growth since 2022,90.0,,,,,,
20230216160733,1368342,17,,growth since 2022,63.0,,,,,,
20230216160733,1827539,18,624.0,growth since 2022,59.0,,,,,,
20230216160733,1797246,19,,growth since 2022,58.0,,,,,,
20230216160733,1486477,20,729.0,growth since 2021,50.0,,,,,,
20230216160733,1802658,21,,growth since 2022,40.0,,,,,,
20230216160733,1805959,22,51.0,growth since 2022,33.0,,,,,,
20230216160733,1850323,23,,growth since 2022,30.0,,,,,,
20230216160733,951062,24,,growth since 2021,9.0,,,,,,
20230216160733,1725375,25,908.0,growth since 2022,10.0,,,,,,
20230216160733,843451,26,570.0,growth since 2020,,,,,,,
20230216160733,1818780,27,563.0,growth since 2021,,,,,,,
20230216160733,1805222,28,,growth since 2022,56.0,,,,,,
20230216160733,1768121,29,775.0,growth since 2022,8.0,,,,,,
20230216160733,1722050,30,499.0,growth since 2021,,,,,,,
20230216160733,1849479,31,81.0,growth since 2023,24.0,,,,,,
20230216160733,1837448,32,470.0,growth since 2021,0.0,,,,,,
20230216160733,1833703,33,667.0,growth since 2021,1.0,,,,,,
20230216160733,1844212,34,120.0,growth since 2022,,,,,,,
20230216160733,1852397,35,391.0,growth since 2021,0.0,,,,,,
20230216160733,1855883,36,229.0,growth since 2022,0.0,,,,,,
20230216160733,1839029,37,84.0,growth since 2022,,,,,,,
20230216160733,1843948,38,113.0,growth since 2022,0.0,,,,,,
20230216160733,1848083,39,147.0,growth since 2022,0.0,,,,,,
20230216160733,1851612,40,125.0,growth since 2022,0.0,,,,,,
20230216160733,1838874,41,321.0,growth since 2022,0.0,,,,,,
20230216160733,1833136,42,50.0,growth since 2023,1.0,,,,,,
20230307232656,1726461,1,,growth since 2022,,,,,,,
20230307232656,1598419,2,594.0,growth since 2021,,,,,,,
20230307232656,843451,3,583.0,growth since 2020,,,,,,,
20230307232656,1712880,4,406.0,growth since 2022,,,,,,,
20230307232656,1842815,5,74.0,growth since 2022,,,,,,,
20230307232656,1766488,6,198.0,growth since 2021,,,,,,,
20230307232656,1395432,7,147.0,growth since 2021,,,,,,,
20230307232656,1619669,8,289.0,growth since 2022,,,,,,,
20230307232656,1342817,9,122.0,growth since 2022,,,,,,,
20230307232656,1438708,10,136.0,growth since 2022,,,,,,,
20230307232656,1659067,11,109.0,growth since 2020,,,,,,,
20230307232656,1735923,12,94.0,growth since 2022,,,,,,,
20230307232656,1786051,13,565.0,growth since 2022,186.0,,,,,,
20230307232656,1487129,14,,growth since 2021,156.0,,,,,,
20230307232656,1788678,15,381.0,growth since 2022,,,,,,,
20230307232656,1740589,16,976.0,growth since 2022,95.0,,,,,,
20230307232656,1818780,17,572.0,growth since 2021,,,,,,,
20230307232656,1368342,18,,growth since 2022,72.0,,,,,,
20230307232656,1827539,19,643.0,growth since 2022,64.0,,,,,,
20230307232656,1802658,20,599.0,growth since 2022,41.0,,,,,,
20230307232656,1486477,21,751.0,growth since 2021,40.0,,,,,,
20230307232656,1829142,22,178.0,growth since 2022,35.0,,,,,,
20230307232656,1722527,23,539.0,growth since 2022,,,,,,,
20230307232656,1334849,24,,growth since 2022,18.0,,,,,,
20230307232656,1768121,25,782.0,growth since 2022,7.0,,,,,,
20230307232656,1712504,26,,growth since 2021,0.0,,,,,,
20230307232656,726729,27,651.0,growth since 2020,8.0,,,,,,
20230307232656,1722050,28,526.0,growth since 2021,,,,,,,
20230307232656,1855883,29,364.0,growth since 2022,0.0,,,,,,
20230307232656,1856649,30,176.0,growth since 2022,0.0,,,,,,
20230307232656,1862259,31,128.0,growth since 2022,0.0,,,,,,
20230307232656,1861217,32,244.0,growth since 2022,,,,,,,
20230307232656,1857419,33,194.0,growth since 2022,3.0,,,,,,
20230307232656,1857986,34,73.0,growth since 2022,4.0,,,,,,
20230307232656,1867837,35,86.0,growth since 2022,,,,,,,
20230307232656,1862446,36,116.0,growth since 2023,,,,,,,
20230307232656,1873390,37,128.0,growth since 2021,0.0,,,,,,
20230307232656,1856645,38,47.0,growth since 2022,,,,,,,
20230307232656,1855684,39,51.0,growth since 2022,0.0,,,,,,
20230307232656,1864807,40,110.0,growth since 2022,,,,,,,
20230907145417,1766488,1,206.0,growth since 2021,,,,,,,
20230907145417,1877670,2,225.0,growth since 2023,,,,,,,
20230907145417,843451,3,642.0,growth since 2020,,,,,,,
20230907145417,1612455,4,517.0,growth since 2021,,,,,,,
20230907145417,2013518,5,475.0,growth since 2023,,,,,,,
20230907145417,1970378,6,947.0,growth since 2021,,,,,,,
20230907145417,2018455,7,220.0,growth since 2022,,,,,,,
20230907145417,1619669,8,273.0,growth since 2022,,,,,,,
20230907145417,2028633,9,212.0,growth since 2022,,,,,,,
20230907145417,1800209,10,101.0,growth since 2022,,,,,,,
20230907145417,871735,11,93.0,growth since 2020,,,,,,,
20230907145417,1806093,12,130.0,growth since 2022,,,,,,,
20230907145417,1984874,13,698.0,growth since 2023,257.0,,,,,,
20230907145417,1334849,14,,growth since 2022,90.0,,,,,,
20230907145417,1985947,15,,growth since 2022,,,,,,,
20230907145417,2041826,16,992.0,growth since 2023,50.0,,,,,,
20230907145417,1598419,17,851.0,growth since 2021,,,,,,,
20230907145417,1675372,18,,growth since 2021,35.0,,,,,,
20230907145417,1636506,19,,growth since 2022,27.0,,,,,,
20230907145417,1368342,20,,growth since 2022,27.0,,,,,,
20230907145417,1889903,21,42.0,growth since 2023,,,,,,,
20230907145417,2005836,22,206.0,growth since 2023,23.0,,,,,,
20230907145417,1588254,23,87.0,growth since 2022,,,,,,,
20230907145417,2025396,24,146.0,growth since 2023,19.0,,,,,,
20230907145417,1975067,25,,growth since 2021,15.0,,,,,,
20230907145417,1818780,26,783.0,growth since 2021,,,,,,,
20230907145417,1725375,27,,growth since 2022,7.0,,,,,,
20230907145417,1925864,28,,growth since 2023,9.0,,,,,,
20230907145417,1312512,29,920.0,growth since 2021,9.0,,,,,,
20230907145417,1804318,30,5.0,growth since 2022,,,,,,,
20230907145417,1964558,31,12.0,growth since 2023,0.0,,,,,,
20230907145417,1825152,32,57.0,growth since 2022,,,,,,,
20230907145417,2049463,33,34.0,growth since 2023,0.0,,,,,,
20230907145417,2024661,34,1.0,growth since 2023,1.0,,,,,,
20230907145417,2055186,35,10.0,growth since 2023,0.0,,,,,,
20230907145417,1714902,36,21.0,growth since 2022,0.0,,,,,,
20230907145417,2048407,37,248.0,growth since 2023,,,,,,,
20230907145417,2052320,38,274.0,growth since 2022,,,,,,,
20230907145417,2039139,39,61.0,growth since 2023,,,,,,,
20230907145417,2045209,40,61.0,growth since 2023,0.0,,,,,,
20230907145417,2036926,41,54.0,growth since 2023,0.0,,,,,,
20230907145417,2036886,42,119.0,growth since 2023,0.0,,,,,,
20230907145417,2050563,43,,growth since 2023,0.0,,,,,,
20230907145417,2057278,44,226.0,growth since 2023,0.0,,,,,,
20230907145417,2043810,45,63.0,growth since 2023,,,,,,,
20230907145417,2036044,46,66.0,growth since 2023,0.0,,,,,,
20230907145417,2036128,47,56.0,growth since 2023,0.0,,,,,,
20231215201024,843451,1,522.0,growth since 2020,,,,,,,
20231215201024,1612455,2,524.0,growth since 2021,,,,,,,
20231215201024,1800209,3,122.0,growth since 2022,,,,,,,
20231215201024,1882709,4,98.0,growth since 2023,,,,,,,
20231215201024,1924421,5,100.0,growth since 2023,,,,,,,
20231215201024,2090303,6,91.0,growth since 2023,,,,,,,
20231215201024,1945183,7,81.0,growth since 2023,,,,,,,
20231215201024,1883342,8,81.0,growth since 2023,,,,,,,
20231215201024,991766,9,75.0,growth since 2021,,,,,,,
20231215201024,1958204,10,65.0,growth since 2023,,,,,,,
20231215201024,2095970,11,69.0,growth since 2023,,,,,,,
20231215201024,1877670,12,195.0,growth since 2023,,,,,,,
20231215201024,1850001,13,,growth since 2022,258.0,,,,,,
20231215201024,1588254,14,172.0,growth since 2022,115.0,,,,,,
20231215201024,1956522,15,,growth since 2023,77.0,,,,,,
20231215201024,1368342,16,,growth since 2022,50.0,,,,,,
20231215201024,1985947,17,,growth since 2022,46.0,,,,,,
20231215201024,1334849,18,,growth since 2022,34.0,,,,,,
20231215201024,1975067,19,,growth since 2021,32.0,,,,,,
20231215201024,2041826,20,,growth since 2023,32.0,,,,,,
20231215201024,1675372,21,,growth since 2021,27.0,,,,,,
20231215201024,1722050,22,,growth since 2021,23.0,,,,,,
20231215201024,2068879,23,156.0,growth since 2022,21.0,,,,,,
20231215201024,1889903,24,63.0,growth since 2023,16.0,,,,,,
20231215201024,1636506,25,,growth since 2022,8.0,,,,,,
20231215201024,2068431,26,,growth since 2023,10.0,,,,,,
20231215201024,2090898,27,,growth since 2023,8.0,,,,,,
20231215201024,2022090,28,467.0,growth since 2023,15.0,,,,,,
20231215201024,2100898,29,,growth since 2022,3.0,,,,,,
20231215201024,2108709,30,,growth since 2023,12.0,,,,,,
20231215201024,1818068,31,157.0,growth since 2022,10.0,,,,,,
20231215201024,2127786,32,212.0,growth since 2022,3.0,,,,,,
20231215201024,2134448,33,192.0,growth since 2023,0.0,,,,,,
20231215201024,2142599,34,297.0,growth since 2022,0.0,,,,,,
20231215201024,2129874,35,95.0,growth since 2023,0.0,,,,,,
20231215201024,2132816,36,136.0,growth since 2023,0.0,,,,,,
20231215201024,2130209,37,66.0,growth since 2023,,,,,,,
20231215201024,2133635,38,70.0,growth since 2023,0.0,,,,,,
20231215201024,2132591,39,66.0,growth since 2023,0.0,,,,,,
20231215201024,2132397,40,50.0,growth since 2023,,,,,,,
20231215201024,2142504,41,255.0,growth since 2023,0.0,,,,,,
20231215201024,2141360,42,99.0,growth since 2023,,,,,,,
20231215201024,2151260,43,191.0,growth since 2023,0.0,,,,,,
20240213095958,1985947,1,,growth since 2022,,,,,,,
20240213095958,1598419,2,,growth since 2021,,,,,,,
20240213095958,2102219,3,70.0,growth since 2023,,,,,,,
20240213095958,843451,4,522.0,growth since 2020,,,,,,,
20240213095958,2077659,5,462.0,growth since 2023,,,,,,,
20240213095958,1729929,6,338.0,growth since 2022,,,,,,,
20240213095958,2018455,7,304.0,growth since 2022,,,,,,,
20240213095958,2033350,8,293.0,growth since 2023,,,,,,,
20240213095958,2052320,9,286.0,growth since 2022,,,,,,,
20240213095958,2076489,10,244.0,growth since 2023,,,,,,,
20240213095958,1885783,11,64.0,growth since 2023,,,,,,,
20240213095958,1958415,12,220.0,growth since 2023,,,,,,,
20240213095958,1850001,13,,growth since 2022,266.0,,,,,,
20240213095958,2087632,14,,growth since 2023,142.0,,,,,,
20240213095958,2100898,15,,growth since 2022,75.0,,,,,,
20240213095958,2141954,16,,growth since 2023,50.0,,,,,,
20240213095958,1368342,17,,growth since 2022,48.0,,,,,,
20240213095958,1588254,18,193.0,growth since 2022,39.0,,,,,,
20240213095958,1722050,19,,growth since 2021,,,,,,,
20240213095958,2022090,20,542.0,growth since 2023,27.0,,,,,,
20240213095958,2164814,21,98.0,growth since 2023,,,,,,,
20240213095958,2095516,22,,growth since 2023,20.0,,,,,,
20240213095958,1675372,23,,growth since 2021,18.0,,,,,,
20240213095958,1975067,24,,growth since 2021,,,,,,,
20240213095958,2166899,25,,growth since 2022,,,,,,,
20240213095958,2068431,26,,growth since 2023,16.0,,,,,,
20240213095958,1334849,27,,growth since 2022,16.0,,,,,,
20240213095958,1232864,28,366.0,growth since 2021,,,,,,,
20240213095958,2127786,29,289.0,growth since 2022,,,,,,,
20240213095958,1818068,30,179.0,growth since 2022,10.0,,,,,,
20240213095958,2197632,31,,growth since 2022,0.0,,,,,,
20240213095958,2192768,32,388.0,growth since 2021,,,,,,,
20240213095958,2192877,33,332.0,growth since 2023,0.0,,,,,,
20240213095958,2190076,34,379.0,growth since 2021,,,,,,,
20240213095958,2196891,35,,growth since 2023,,,,,,,
20240213095958,2184876,36,103.0,growth since 2023,0.0,,,,,,
20240213095958,2184632,37,142.0,growth since 2023,,,,,,,
20240213095958,2199034,38,,growth since 2022,0.0,,,,,,
20240213095958,2190390,39,120.0,growth since 2023,0.0,,,,,,
20240213095958,2191852,40,,growth since 2022,,,,,,,
20240213095958,2192309,41,109.0,growth since 2023,,,,,,,
20240213095958,2184030,42,45.0,growth since 2023,,,,,,,
20240405003439,1985947,1,,growth since 2022,,,,,,,
20240405003439,1598419,2,,growth since 2021,,,,,,,
20240405003439,1885783,3,71.0,growth since 2023,,,,,,,
20240405003439,843451,4,572.0,growth since 2020,,,,,,,
20240405003439,2018455,5,319.0,growth since 2022,,,,,,,
20240405003439,2035692,6,307.0,growth since 2023,,,,,,,
20240405003439,2077659,7,431.0,growth since 2023,,,,,,,
20240405003439,1729929,8,462.0,growth since 2022,,,,,,,
20240405003439,1772361,9,262.0,growth since 2022,,,,,,,
20240405003439,1302291,10,187.0,growth since 2021,,,,,,,
20240405003439,2203189,11,188.0,growth since 2023,,,,,,,
20240405003439,1379486,12,169.0,growth since 2022,,,,,,,
20240405003439,1850001,13,,growth since 2022,310.0,,,,,,
20240405003439,2100898,14,,growth since 2022,104.0,,,,,,
20240405003439,1368342,15,,growth since 2022,47.0,,,,,,
20240405003439,2166899,16,,growth since 2022,,,,,,,
20240405003439,2095516,17,,growth since 2023,33.0,,,,,,
20240405003439,2022090,18,592.0,growth since 2023,30.0,,,,,,
20240405003439,2193727,19,,growth since 2023,,,,,,,
20240405003439,2214352,20,,growth since 2023,19.0,,,,,,
20240405003439,1588254,21,217.0,growth since 2022,17.0,,,,,,
20240405003439,2148081,22,87.0,growth since 2023,,,,,,,
20240405003439,2162380,23,678.0,growth since 2023,16.0,,,,,,
20240405003439,1975067,24,,growth since 2021,,,,,,,
20240405003439,1232864,25,386.0,growth since 2021,,,,,,,
20240405003439,2041826,26,,growth since 2023,,,,,,,
20240405003439,2204590,27,,growth since 2023,8.0,,,,,,
20240405003439,2159254,28,,growth since 2022,3.0,,,,,,
20240405003439,2186705,29,,growth since 2023,1.0,,,,,,
20240405003439,2210317,30,455.0,growth since 2023,0.0,,,,,,
20240405003439,2209885,31,261.0,growth since 2023,0.0,,,,,,
20240405003439,2208248,32,216.0,growth since 2021,,,,,,,
20240405003439,2212781,33,365.0,growth since 2023,,,,,,,
20240405003439,2209850,34,389.0,growth since 2022,0.0,,,,,,
20240405003439,2215104,35,,growth since 2023,0.0,,,,,,
20240405003439,2211092,36,133.0,growth since 2021,0.0,,,,,,
20240405003439,2213522,37,244.0,growth since 2023,1.0,,,,,,
20240405003439,2208094,38,144.0,growth since 2023,0.0,,,,,,
20240405003439,2207888,39,104.0,growth since 2024,,,,,,,
20240405003439,2209109,40,195.0,growth since 2023,0.0,,,,,,
20240519102045,1985947,1,,growth since 2022,,2.39,24.0,,,36,2079.09
20240519102045,1598419,2,,growth since 2021,,3.53,25.0,,,64,1264.98
20240519102045,2193727,3,,growth since 2023,,3.0,12.0,,,83,1353.27
20240519102045,843451,4,594.0,growth since 2020,,2.57,21.0,,,96,593.89
20240519102045,2212781,5,478.0,growth since 2023,,,,,,26,477.98
20240519102045,2018455,6,341.0,growth since 2022,,,,,,56,341.08
20240519102045,2035692,7,326.0,growth since 2023,,,,,,69,325.65
20240519102045,2195619,8,35.0,growth since 2024,,3.67,1.0,,,38,35.13
20240519102045,2167293,9,168.0,growth since 2024,,,,,,90,168.23
20240519102045,1978169,10,698.0,growth since 2023,,1.0,1.0,,,34,668.86
20240519102045,1772361,11,226.0,growth since 2022,,,,,,40,226.48
20240519102045,1302291,12,198.0,growth since 2021,,,,,,60,199.11
20240519102045,1850001,13,,growth since 2022,,3.39,91.0,,,36,3981.05
20240519102045,2100898,14,,growth since 2022,,3.69,15.0,,,43,5029.53
20240519102045,2214352,15,,growth since 2023,,2.47,5.0,,,34,7698.5
20240519102045,1368342,16,,growth since 2022,,3.09,33.0,,,59,3686.65
20240519102045,2095516,17,,growth since 2023,,3.11,6.0,,,33,11384.67
20240519102045,2166899,18,,growth since 2022,,3.0,8.0,,,30,2526.72
20240519102045,2022090,19,642.0,growth since 2023,,4.67,2.0,,,29,642.3
20240519102045,1588254,20,272.0,growth since 2022,,3.02,17.0,,,47,271.66
20240519102045,2204998,21,468.0,growth since 2022,,4.83,2.0,,,23,468.12
20240519102045,2036953,22,525.0,growth since 2023,,5.0,4.0,,,74,525.44
20240519102045,2204590,23,,growth since 2023,,3.17,6.0,,,84,2743.01
20240519102045,1232864,24,412.0,growth since 2021,,5.0,1.0,,,68,411.9
20240519102045,2213522,25,372.0,growth since 2023,,4.67,2.0,,,18,372.36
20240519102045,2214605,26,366.0,growth since 2024,,3.0,2.0,,,54,366.41
20240519102045,2224540,27,329.0,growth since 2023,,,,,,33,328.67
20240519102045,2221590,28,140.0,growth since 2024,,,,,,26,140.43
20240519102045,2223723,29,119.0,growth since 2024,,,,,,38,118.85
20240519102045,2225523,30,421.0,growth since 2023,,,,,,31,1855.97
20240519102045,2223922,31,122.0,growth since 2022,,,,,,25,122.46
20240519102045,2222481,32,233.0,growth since 2023,,,,,,93,232.65
20240519102045,2221865,33,78.0,growth since 2022,,,,,,46,78.06
20240519102045,2225122,34,246.0,growth since 2024,,,,,,36,1102.77
20240519102045,2223770,35,76.0,growth since 2023,,,,,,27,75.88
20240519102045,2223549,36,78.0,growth since 2022,,,,,,53,77.73
20240519102045,2222608,37,61.0,growth since 2024,,,,,,80,60.96
20240519102045,2223418,38,166.0,growth since 2023,,,,,,47,166.1
20240905184907,1598419,1,,growth since 2021,,3.63,31.0,5,,72,1634.92
20240905184907,2199508,2,,growth since 2023,43.0,1.87,10.0,5,97.0,24,1838.98
20240905184907,2018455,3,432.0,growth since 2022,,,,5,99.0,65,432.12
20240905184907,843451,4,743.0,growth since 2020,,2.55,22.0,,,,
20240905184907,2049326,5,194.0,growth since 2023,,3.22,3.0,5,,93,193.56
20240905184907,2167293,6,189.0,growth since 2024,6.0,2.73,5.0,5,99.0,20,188.83
20240905184907,2203395,7,253.0,growth since 2024,0.0,,,5,2.0,39,253.18
20240905184907,2021129,8,539.0,growth since 2023,,,,5,,73,539.06
20240905184907,2241000,9,484.0,growth since 2022,0.0,,,5,0.0,43,1258.41
20240905184907,2197855,10,201.0,growth since 2023,0.0,,,5,0.0,33,201.24
20240905184907,991766,11,220.0,growth since 2021,,,,,,94,220.47
20240905184907,2215216,12,183.0,growth since 2022,,,,5,0.0,57,183.0
20240905184907,2095516,13,,growth since 2023,48.0,3.38,7.0,3,93.0,40,13464.89
20240905184907,1985947,14,,growth since 2022,40.0,2.33,28.0,4,75.0,45,2088.79
20240905184907,2249875,15,,growth since 2024,37.0,,,1,0.0,22,1319.31
20240905184907,2214352,16,256.0,growth since 2023,33.0,1.31,18.0,1,99.0,43,18223.12
20240905184907,2243952,17,,growth since 2023,31.0,2.17,2.0,2,0.0,35,13065.9
20240905184907,2240939,18,454.0,growth since 2024,,,,4,4.0,57,454.03
20240905184907,2230531,19,,growth since 2024,,3.75,4.0,4,,77,1823.06
20240905184907,2154901,20,,growth since 2023,26.0,4.0,4.0,3,98.0,22,2730.42
20240905184907,2244180,21,-25.0,growth since 2024,24.0,1.33,3.0,,0.0,30,-24.58
20240905184907,1500355,22,,growth since 2022,,3.17,2.0,1,96.0,57,1464.74
20240905184907,2139998,23,443.0,growth since 2023,10.0,3.83,2.0,4,0.0,23,442.78
20240905184907,1818068,24,365.0,growth since 2022,14.0,3.27,5.0,2,99.0,45,365.44
20240905184907,1368784,25,,growth since 2022,,,,3,,69,3151.53
20240905184907,2202987,26,150.0,growth since 2023,11.0,,,2,94.0,44,150.07
20240905184907,2241595,27,918.0,growth since 2024,,1.0,1.0,1,14.0,54,917.62
20240905184907,2251198,28,725.0,growth since 2023,2.0,,,4,97.0,24,724.6
20240905184907,2251320,29,373.0,growth since 2023,0.0,,,3,97.0,29,372.9
20240905184907,2249418,30,,growth since 2023,3.0,,,4,0.0,23,1115.63
20240905184907,2248642,31,65.0,growth since 2024,,,,3,89.0,65,65.0
20240905184907,2248947,32,123.0,growth since 2023,1.0,,,5,99.0,22,122.93
20240905184907,2252834,33,229.0,growth since 2024,,,,1,0.0,68,229.09
20240905184907,2248901,34,128.0,growth since 2024,0.0,,,1,99.0,17,128.1
20240905184907,2249531,35,73.0,growth since 2024,0.0,,,4,23.0,26,72.89
20240905184907,2251707,36,192.0,growth since 2024,0.0,,,3,83.0,20,192.32
20240905184907,2249903,37,43.0,growth since 2024,0.0,,,5,0.0,34,43.4
20240905184907,2249501,38,55.0,growth since 2024,0.0,,,3,88.0,24,55.18
20240905184907,2248460,39,48.0,growth since 2024,0.0,,,5,100.0,26,48.06
20241118172120,1598419,1,,growth since 2021,,3.49,38.0,5,,77,1886.68
20241118172120,2018455,2,501.0,growth since 2022,,3.0,2.0,5,,71,500.61
20241118172120,843451,3,897.0,growth since 2020,,2.55,22.0,,,,
20241118172120,2269086,4,,growth since 2022,,,,5,,74,2428.24
20241118172120,2260148,5,394.0,growth since 2023,1.0,,,5,95.0,22,393.91
20241118172120,2167293,6,221.0,growth since 2024,1.0,2.73,5.0,5,99.0,26,221.08
20241118172120,1988269,7,194.0,growth since 2023,4.0,,,5,52.0,33,194.29
20241118172120,2049326,8,207.0,growth since 2023,1.0,3.22,3.0,5,100.0,31,206.57
20241118172120,1676020,9,225.0,growth since 2022,,,,5,100.0,60,224.52
20241118172120,2245474,10,173.0,growth since 2024,,,,5,,91,173.2
20241118172120,2021129,11,440.0,growth since 2023,,,,5,,87,439.99
20241118172120,2086138,12,140.0,growth since 2023,,,,5,88.0,63,139.74
20241118172120,2095516,13,,growth since 2023,43.0,2.79,11.0,3,92.0,44,15918.13
20241118172120,1985947,14,,growth since 2022,,2.22,31.0,4,75.0,50,1984.59
20241118172120,2230531,15,,growth since 2024,22.0,1.74,13.0,4,18.0,21,3458.57
20241118172120,2249418,16,694.0,growth since 2023,21.0,5.0,1.0,4,0.0,29,1768.61
20241118172120,2258046,17,-10.0,growth since 2024,17.0,3.5,2.0,,98.0,38,-10.26
20241118172120,2255246,18,-13.0,growth since 2024,,1.0,1.0,,0.0,83,3524.15
20241118172120,1588254,19,511.0,growth since 2022,,2.71,17.0,2,100.0,60,511.43
20241118172120,2262642,20,,growth since 2021,,,,4,,81,1175.03
20241118172120,2262660,21,,growth since 2022,9.0,,,4,73.0,46,2675.95
20241118172120,2202987,22,170.0,growth since 2023,9.0,2.33,1.0,2,93.0,49,169.68
20241118172120,2199508,23,,growth since 2023,1.0,1.73,16.0,4,97.0,29,1544.26
20241118172120,1500355,24,,growth since 2022,,2.67,4.0,2,96.0,61,1720.17
20241118172120,1815102,25,,growth since 2022,,,,3,100.0,60,1168.3
20241118172120,2238363,26,947.0,growth since 2024,,3.78,3.0,,,94,946.62
20241118172120,1911841,27,,growth since 2023,,3.0,2.0,1,100.0,50,1350.06
20241118172120,2265219,28,441.0,growth since 2024,0.0,,,4,99.0,20,441.21
20241118172120,2267837,29,408.0,growth since 2023,0.0,,,2,98.0,31,64346.41
20241118172120,2269570,30,818.0,growth since 2023,0.0,,,5,100.0,39,818.47
20241118172120,2266494,31,99.0,growth since 2022,0.0,,,4,24.0,39,491.81
20241118172120,2266149,32,88.0,growth since 2024,0.0,,,1,91.0,25,88.1
20241118172120,2266939,33,106.0,growth since 2024,,,,5,100.0,73,105.76
20241118172120,2266798,34,88.0,growth since 2024,,,,5,,90,87.99
20241118172120,2267212,35,126.0,growth since 2023,0.0,,,3,94.0,28,126.03
20241118172120,2266437,36,111.0,growth since 2024,0.0,,,4,100.0,37,110.94
20241118172120,2269140,37,169.0,growth since 2022,,,,2,,75,168.63
20241118172120,2270075,38,327.0,growth since 2024,,,,4,86.0,53,326.89
20241222132357,2018455,1,536.0,growth since 2022,,3.33,4.0,5,,73,536.18
20241222132357,843451,2,591.0,growth since 2020,,2.55,22.0,,,,
20241222132357,2245244,3,328.0,growth since 2024,,5.0,1.0,,,100,328.22
20241222132357,1676020,4,241.0,growth since 2022,,,,5,100.0,63,241.18
20241222132357,2256322,5,262.0,growth since 2024,,,,5,0.0,54,261.9
20241222132357,1988269,6,213.0,growth since 2023,3.0,5.0,1.0,5,54.0,35,212.71
20241222132357,2049326,7,203.0,growth since 2023,2.0,3.22,3.0,5,100.0,34,203.22
20241222132357,2167293,8,197.0,growth since 2024,1.0,2.73,5.0,5,99.0,28,196.65
20241222132357,2021129,9,442.0,growth since 2023,,,,,,95,441.79
20241222132357,2261333,10,173.0,growth since 2022,0.0,,,5,99.0,47,172.57
20241222132357,2260148,11,374.0,growth since 2023,0.0,,,5,95.0,25,373.89
20241222132357,2239068,12,133.0,growth since 2024,,,,5,99.0,62,133.17
20241222132357,2271402,13,,growth since 2021,,2.29,7.0,5,,77,4849.36
20241222132357,2262450,14,,growth since 2024,,4.06,6.0,1,16.0,54,27498.97
20241222132357,2249418,15,859.0,growth since 2023,44.0,4.2,5.0,4,0.0,31,2157.43
20241222132357,1598419,16,,growth since 2021,,3.49,38.0,4,,79,1896.89
20241222132357,2095516,17,,growth since 2023,25.0,2.51,15.0,3,92.0,46,16670.15
20241222132357,2262642,18,,growth since 2021,,,,4,,82,1198.31
20241222132357,2235152,19,,growth since 2021,,3.17,2.0,4,,72,1067.65
20241222132357,2262660,20,,growth since 2022,16.0,1.0,1.0,4,73.0,47,2761.34
20241222132357,910374,21,,growth since 2021,,3.06,17.0,,,89,5467.91
20241222132357,1500355,22,,growth since 2022,,3.13,5.0,1,96.0,64,2018.03
20241222132357,1588254,23,571.0,growth since 2022,,2.71,17.0,2,100.0,62,571.16
20241222132357,1985947,24,,growth since 2022,,2.22,31.0,4,76.0,53,1285.74
20241222132357,2272654,25,,growth since 2021,,1.0,1.0,3,,83,1917.45
20241222132357,1368784,26,,growth since 2022,,2.0,2.0,3,,77,3115.94
20241222132357,987229,27,,growth since 2021,,1.83,2.0,3,,76,1156.66
20241222132357,2272124,28,,growth since 2023,1.0,1.0,1.0,2,0.0,41,2933.88
20241222132357,1245170,29,,growth since 2021,,4.29,7.0,4,,83,1549.03
20241222132357,1911841,30,,growth since 2023,,3.0,2.0,1,100.0,52,1410.31
20241222132357,1175589,31,,growth since 2021,,,,1,,87,1416.88
20241222132357,2272386,32,,growth since 2022,1.0,,,1,76.0,45,3230.78
20241222132357,2272417,33,437.0,growth since 2024,0.0,,,2,0.0,32,436.74
20241222132357,2274771,34,215.0,growth since 2024,,,,3,,92,215.0
20241222132357,2274531,35,130.0,growth since 2023,0.0,,,3,99.0,23,130.23
20241222132357,2272814,36,251.0,growth since 2024,0.0,,,4,100.0,40,250.9
20241222132357,2272467,37,82.0,growth since 2024,0.0,,,4,80.0,20,82.01
20241222132357,2272822,38,85.0,growth since 2024,0.0,,,5,100.0,36,85.14
20241222132357,2272228,39,242.0,growth since 2024,,,,1,83.0,59,242.46
20241222132357,2272347,40,72.0,growth since 2024,0.0,,,1,0.0,29,71.76
20241222132357,2274145,41,288.0,growth since 2024,0.0,,,5,97.0,15,287.75
20250115212655,2018455,1,558.0,growth since 2022,,3.33,4.0,5,,75,558.02
20250115212655,843451,2,467.0,growth since 2020,,2.55,22.0,,,,
20250115212655,2277583,3,360.0,growth since 2024,2.0,,,5,74.0,20,360.04
20250115212655,1676020,4,245.0,growth since 2022,,,,5,100.0,65,245.08
20250115212655,2049326,5,244.0,growth since 2023,0.0,3.22,3.0,5,100.0,36,244.1
20250115212655,2258788,6,216.0,growth since 2024,,,,5,,83,216.3
20250115212655,1988269,7,218.0,growth since 2023,4.0,5.0,1.0,5,55.0,36,217.54
20250115212655,2215216,8,212.0,growth since 2022,,4.0,1.0,5,0.0,65,212.01
20250115212655,2245474,9,201.0,growth since 2024,0.0,,,5,98.0,17,201.43
20250115212655,2260148,10,438.0,growth since 2023,0.0,,,5,95.0,27,437.79
20250115212655,2021129,11,426.0,growth since 2023,,,,,,,
20250115212655,2266939,12,169.0,growth since 2024,0.0,,,5,100.0,14,168.52
20250115212655,2262450,13,,growth since 2024,,4.1,24.0,1,,70,34744.51
20250115212655,2271402,14,,growth since 2021,,2.48,14.0,5,,78,4952.58
20250115212655,2249418,15,883.0,growth since 2023,35.0,4.0,5.0,4,0.0,33,2214.13
20250115212655,2235152,16,,growth since 2021,,2.17,4.0,4,,74,1118.4
20250115212655,1598419,17,,growth since 2021,,3.49,38.0,4,,82,2097.56
20250115212655,2262642,18,,growth since 2021,,,,4,,85,1244.07
20250115212655,2095516,19,,growth since 2023,23.0,2.67,16.0,3,92.0,47,16710.56
20250115212655,1588254,20,593.0,growth since 2022,,2.71,17.0,2,100.0,63,593.35
20250115212655,1500355,21,,growth since 2022,,3.13,5.0,1,96.0,65,2029.65
20250115212655,2281554,22,444.0,growth since 2024,8.0,,,1,0.0,30,443.99
20250115212655,2024115,23,236.0,growth since 2023,8.0,,,2,4.0,38,236.33
20250115212655,2278370,24,,growth since 2023,10.0,,,4,0.0,32,2252.59
20250115212655,2262660,25,,growth since 2022,,3.0,2.0,4,73.0,50,2339.66
20250115212655,2272654,26,,growth since 2021,,2.5,2.0,3,,85,1954.0
20250115212655,1368784,27,,growth since 2022,,2.0,2.0,3,,78,2946.33
20250115212655,2272124,28,,growth since 2023,1.0,1.0,1.0,2,0.0,43,3072.9
20250115212655,2269070,29,,growth since 2024,,,,1,0.0,50,50571.29
20250115212655,1245170,30,,growth since 2021,,4.29,7.0,4,,85,1599.43
20250115212655,1911841,31,,growth since 2023,,3.0,2.0,1,100.0,54,1432.36
20250115212655,1175589,32,,growth since 2021,,,,1,,89,1463.93
20250115212655,2279235,33,,growth since 2023,5.0,5.0,1.0,4,97.0,42,2450.7
20250115212655,2278433,34,116.0,growth since 2024,,,,1,0.0,51,116.3
20250115212655,2279108,35,153.0,growth since 2024,,3.0,1.0,5,,73,153.26
20250115212655,2280267,36,268.0,growth since 2024,0.0,,,4,0.0,36,268.29
20250115212655,2278978,37,141.0,growth since 2024,0.0,,,3,0.0,18,140.74
20250115212655,2278377,38,60.0,growth since 2024,0.0,,,5,0.0,31,59.96
20250115212655,2280750,39,413.0,growth since 2023,0.0,,,1,16.0,37,413.36
20250115212655,2278229,40,573.0,growth since 2024,0.0,,,2,31.0,33,573.04
20250115212655,2278169,41,78.0,growth since 2024,0.0,,,3,44.0,29,77.73
20250115212655,2278534,42,40.0,growth since 2024,,,,3,0.0,72,39.82
20250207152014,2018455,1,567.0,growth since 2022,,3.33,4.0,5,,76,567.21
20250207152014,1676020,2,294.0,growth since 2022,,,,5,100.0,66,294.38
20250207152014,1988269,3,247.0,growth since 2023,4.0,5.0,1.0,5,54.0,38,247.11
20250207152014,2049326,4,244.0,growth since 2023,1.0,3.22,3.0,5,100.0,36,232.05
20250207152014,843451,5,444.0,growth since 2020,,2.55,22.0,,,,
20250207152014,2215216,6,219.0,growth since 2022,,4.0,1.0,5,0.0,67,218.99
20250207152014,2245474,7,209.0,growth since 2024,0.0,,,5,96.0,19,208.97
20250207152014,2260148,8,608.0,growth since 2023,0.0,,,5,96.0,28,607.87
20250207152014,2266939,9,191.0,growth since 2024,2.0,,,5,100.0,16,190.86
20250207152014,2222743,10,173.0,growth since 2024,0.0,,,5,66.0,26,172.78
20250207152014,2194236,11,169.0,growth since 2024,0.0,,,5,100.0,29,169.32
20250207152014,2279108,12,154.0,growth since 2024,,3.0,1.0,5,,81,154.39
20250207152014,2271402,13,,growth since 2021,,2.47,19.0,5,,78,5070.0
20250207152014,1598419,14,,growth since 2021,,3.53,39.0,4,,83,2505.7
20250207152014,2262642,15,,growth since 2021,,5.0,1.0,4,,86,1272.08
20250207152014,2235152,16,,growth since 2021,,2.28,6.0,4,,75,1236.54
20250207152014,2249418,17,985.0,growth since 2023,34.0,4.33,6.0,4,0.0,34,2453.64
20250207152014,2095516,18,,growth since 2023,,2.63,17.0,3,91.0,50,18839.22
20250207152014,2279235,19,,growth since 2023,21.0,5.0,1.0,4,96.0,44,2465.69
20250207152014,2281554,20,459.0,growth since 2024,19.0,3.0,1.0,3,0.0,45,458.55
20250207152014,2202987,21,207.0,growth since 2023,,2.33,1.0,2,92.0,54,207.4
20250207152014,2255584,22,528.0,growth since 2024,11.0,5.0,1.0,4,86.0,39,528.07
20250207152014,1588254,23,634.0,growth since 2022,,2.71,17.0,2,100.0,65,633.5
20250207152014,2278370,24,,growth since 2023,15.0,,,2,0.0,34,2403.33
20250207152014,2262660,25,,growth since 2022,,3.67,3.0,4,73.0,51,2463.59
20250207152014,2259920,26,724.0,growth since 2024,,,,4,0.0,66,723.57
20250207152014,1500355,27,,growth since 2022,,3.13,5.0,2,,67,2090.47
20250207152014,2272654,28,,growth since 2021,,2.5,2.0,3,,87,2025.51
20250207152014,2199508,29,,growth since 2023,0.0,1.69,17.0,4,97.0,32,1577.69
20250207152014,2269070,30,,growth since 2024,,,,1,,64,53924.75
20250207152014,1245170,31,,growth since 2021,,4.29,7.0,4,,87,1653.17
20250207152014,2282843,32,319.0,growth since 2024,1.0,,,3,95.0,33,319.29
20250207152014,2282562,33,835.0,growth since 2024,0.0,,,1,0.0,18,835.02
20250207152014,2282804,34,127.0,growth since 2024,,,,3,100.0,58,127.28
20250207152014,2282966,35,443.0,growth since 2024,,,,1,,72,443.09
20250207152014,2283407,36,153.0,growth since 2024,0.0,,,1,100.0,50,153.07
20250207152014,2282197,37,58.0,growth since 2024,,,,5,0.0,56,58.27
20250207152014,2283317,38,62.0,growth since 2024,0.0,,,3,100.0,19,61.82
20250207152014,2284248,39,91.0,growth since 2024,,,,5,0.0,56,91.42
20250207152014,2284156,40,97.0,growth since 2023,0.0,,,3,89.0,33,96.65
20250207152014,2282066,41,,growth since 2024,0.0,,,2,100.0,24,1553.93
20250207152014,2284627,42,68.0,growth since 2023,,,,5,,85,67.72
20250302135202,2018455,1,616.0,growth since 2022,,3.33,4.0,5,,77,589.62
20250302135202,1988269,2,260.0,growth since 2023,15.0,5.0,1.0,5,54.0,39,260.47
20250302135202,2272823,3,562.0,growth since 2023,,,,,,94,561.66
20250302135202,2086138,4,337.0,growth since 2023,,,,5,,77,337.03
20250302135202,1676020,5,271.0,growth since 2022,,,,5,100.0,68,271.24
20250302135202,2167293,6,219.0,growth since 2024,0.0,2.73,5.0,5,99.0,33,218.61
20250302135202,2049326,7,216.0,growth since 2023,2.0,3.22,3.0,5,100.0,38,216.48
20250302135202,2260148,8,605.0,growth since 2023,0.0,,,5,96.0,30,604.57
20250302135202,843451,9,438.0,growth since 2020,,2.55,22.0,,,,
20250302135202,2222743,10,171.0,growth since 2024,0.0,,,5,70.0,28,170.88
20250302135202,2021129,11,414.0,growth since 2023,0.0,,,5,100.0,39,413.53
20250302135202,2279108,12,167.0,growth since 2024,,3.0,1.0,,,89,166.63
20250302135202,1598419,13,,growth since 2021,,3.59,41.0,4,,85,2941.58
20250302135202,2271402,14,,growth since 2021,,2.44,22.0,3,,80,5111.5
20250302135202,2262642,15,,growth since 2021,,5.0,2.0,,,88,1286.8
20250302135202,2095516,16,,growth since 2023,,2.72,18.0,3,91.0,51,19546.14
20250302135202,2235152,17,,growth since 2021,,2.28,6.0,4,,77,1355.83
20250302135202,2279235,18,,growth since 2023,22.0,5.0,1.0,4,96.0,45,2688.31
20250302135202,2249418,19,,growth since 2023,18.0,4.33,6.0,4,0.0,36,2698.68
20250302135202,910374,20,,growth since 2021,,3.06,17.0,,,91,5548.94
20250302135202,2281554,21,455.0,growth since 2024,,3.0,1.0,4,0.0,55,454.61
20250302135202,2255584,22,942.0,growth since 2024,13.0,4.78,3.0,1,64.0,50,942.25
20250302135202,2262660,23,,growth since 2022,,3.33,4.0,4,73.0,52,2618.8
20250302135202,2278370,24,,growth since 2023,9.0,,,2,0.0,36,2517.34
20250302135202,1500355,25,,growth since 2022,,3.44,6.0,2,,68,2167.08
20250302135202,2272654,26,,growth since 2021,,2.5,2.0,3,,87,2036.84
20250302135202,2202987,27,217.0,growth since 2023,,2.33,1.0,2,93.0,56,217.15
20250302135202,1245170,28,,growth since 2021,,4.29,7.0,,,88,1698.06
20250302135202,2199508,29,,growth since 2023,0.0,1.69,17.0,4,97.0,33,1605.8
20250302135202,1911841,30,,growth since 2023,,3.0,2.0,1,100.0,57,1390.56
20250302135202,2291274,31,414.0,growth since 2019,,,,,,,
20250302135202,2288192,32,105.0,growth since 2024,,,,5,,80,105.14
20250302135202,2287291,33,164.0,growth since 2024,1.0,5.0,1.0,2,64.0,20,164.12
20250302135202,2285682,34,106.0,growth since 2024,0.0,,,5,0.0,24,105.78
20250302135202,2286233,35,83.0,growth since 2024,0.0,,,2,80.0,48,82.63
20250302135202,2286517,36,55.0,growth since 2025,0.0,,,3,100.0,29,55.29
20250302135202,2290116,37,199.0,growth since 2024,0.0,,,3,0.0,36,199.09
20250302135202,2287736,38,61.0,growth since 2025,0.0,,,3,91.0,35,60.57
20250302135202,2288735,39,85.0,growth since 2025,0.0,,,5,96.0,16,85.11
20250302135202,2286462,40,51.0,growth since 2025,0.0,,,5,100.0,20,51.32
20250302135202,2289734,41,75.0,growth since 2024,0.0,,,3,0.0,25,74.71
20250302135202,2289825,42,94.0,growth since 2025,0.0,,,3,96.0,19,93.87
20250401075847,1988269,1,287.0,growth since 2023,23.0,5.0,1.0,5,54.0,42,286.73
20250401075847,2018455,2,662.0,growth since 2022,,3.33,4.0,5,,80,662.08
20250401075847,2278236,3,,growth since 2021,,,,5,15.0,66,1267.93
20250401075847,2272823,4,467.0,growth since 2023,0.0,,,5,33.0,34,466.92
20250401075847,2086138,5,336.0,growth since 2023,,,,5,,87,335.98
20250401075847,1676020,6,291.0,growth since 2022,,,,5,99.0,70,291.44
20250401075847,2266372,7,,growth since 2024,0.0,,,5,0.0,27,2192.75
20250401075847,2021129,8,574.0,growth since 2023,0.0,,,5,100.0,41,573.56
20250401075847,2049326,9,230.0,growth since 2023,1.0,3.22,3.0,5,100.0,40,229.53
20250401075847,2222743,10,207.0,growth since 2024,0.0,,,5,76.0,30,206.67
20250401075847,2279108,11,190.0,growth since 2024,,3.0,1.0,,,,
20250401075847,2194236,12,159.0,growth since 2024,0.0,,,5,100.0,33,159.28
20250401075847,2262642,13,,growth since 2021,,4.75,4.0,,,90,1340.09
20250401075847,2279235,14,,growth since 2023,73.0,5.0,1.0,4,96.0,47,2886.32
20250401075847,2271402,15,,growth since 2021,,2.44,22.0,2,,82,4828.02
20250401075847,2095516,16,,growth since 2023,,2.67,21.0,3,91.0,52,22025.49
20250401075847,2279546,17,,growth since 2024,,5.0,1.0,1,100.0,57,2233.99
20250401075847,1500355,18,,growth since 2022,,3.44,6.0,2,,70,2406.9
20250401075847,2249418,19,,growth since 2023,20.0,4.33,6.0,4,0.0,38,2923.73
20250401075847,910374,20,,growth since 2021,,3.06,17.0,,,92,6016.4
20250401075847,2282659,21,,growth since 2024,16.0,5.0,1.0,1,0.0,39,1804.17
20250401075847,2281493,22,198.0,growth since 2025,,5.0,2.0,2,100.0,58,197.51
20250401075847,2278370,23,,growth since 2023,9.0,,,2,0.0,38,2982.51
20250401075847,2272654,24,,growth since 2021,,3.25,4.0,,,91,2185.1
20250401075847,2279113,25,850.0,growth since 2024,8.0,,,4,60.0,25,850.25
20250401075847,2276015,26,413.0,growth since 2024,,5.0,1.0,2,,71,412.92
20250401075847,2262660,27,,growth since 2022,,3.33,4.0,3,73.0,55,2262.85
20250401075847,2181993,28,664.0,growth since 2023,1.0,1.0,1.0,3,100.0,44,664.26
20250401075847,1059619,29,850.0,growth since 2021,,,,,,,
20250401075847,884935,30,468.0,growth since 2020,,5.0,1.0,,,,
20250401075847,1560883,31,415.0,growth since 2021,,2.83,6.0,3,,86,414.9
20250401075847,2256046,32,354.0,growth since 2023,1.0,,,4,98.0,47,353.8
20250401075847,2254973,33,384.0,growth since 2024,0.0,,,3,90.0,19,384.11
20250401075847,2291274,34,352.0,growth since 2019,,,,,,,
20250401075847,2256042,35,309.0,growth since 2023,,,,4,95.0,52,309.19
20250401075847,1755063,36,345.0,growth since 2022,,,,2,40.0,67,336.39
20250401075847,2294177,37,,growth since 2022,1.0,4.67,1.0,4,77.0,43,1633.86
20250401075847,2294443,38,139.0,growth since 2024,0.0,,,5,0.0,32,139.32
20250401075847,2296414,39,509.0,growth since 2023,0.0,,,2,98.0,37,77249.42
20250401075847,2293431,40,376.0,growth since 2024,,,,3,,72,375.99
20250401075847,2293434,41,108.0,growth since 2024,0.0,,,3,0.0,26,108.41
20250401075847,2294733,42,117.0,growth since 2024,,,,3,100.0,62,116.68
20250401075847,2293576,43,144.0,growth since 2024,0.0,,,3,96.0,29,144.35
20250401075847,2295009,44,109.0,growth since 2024,,,,5,,90,109.23
20250401075847,2297908,45,,growth since 2024,0.0,,,5,1.0,35,1182.83
20250401075847,2294013,46,140.0,growth since 2024,0.0,,,1,99.0,45,139.59
20250401075847,2295977,47,103.0,growth since 2024,,,,3,0.0,73,102.67
20250401075847,2297673,48,234.0,growth since 2024,,,,5,,71,234.18
20250506132721,2250500,1,492.0,growth since 2024,,,,,,94,491.95
20250506132721,2215216,2,241.0,growth since 2022,,4.0,1.0,5,,71,240.85
20250506132721,2021129,3,565.0,growth since 2023,0.0,,,5,100.0,43,564.98
20250506132721,2289565,4,752.0,growth since 2024,,,,,,97,752.47
20250506132721,1676020,5,208.0,growth since 2022,,,,5,,72,207.62
20250506132721,2084890,6,161.0,growth since 2023,0.0,1.0,1.0,5,97.0,37,161.24
20250506132721,2194236,7,159.0,growth since 2024,0.0,,,5,100.0,36,158.61
20250506132721,2286476,8,157.0,growth since 2025,3.0,,,5,1.0,32,156.64
20250506132721,2191769,9,187.0,growth since 2024,,,,5,90.0,62,186.54
20250506132721,2260148,10,462.0,growth since 2023,0.0,,,5,96.0,35,462.45
20250506132721,1882709,11,129.0,growth since 2023,,,,5,100.0,59,129.13
20250506132721,2299472,12,133.0,growth since 2023,0.0,,,5,5.0,39,133.36
20250506132721,2262642,13,,growth since 2021,,4.0,5.0,,,93,1381.66
20250506132721,1988269,14,324.0,growth since 2023,43.0,5.0,2.0,4,54.0,44,324.13
20250506132721,2271402,15,,growth since 2021,,2.38,23.0,1,,85,4575.29
20250506132721,2266939,16,338.0,growth since 2024,24.0,1.33,2.0,4,100.0,22,338.28
20250506132721,2249418,17,,growth since 2023,18.0,4.29,7.0,4,0.0,40,2765.6
20250506132721,2284676,18,257.0,growth since 2025,12.0,4.33,1.0,3,94.0,52,256.71
20250506132721,2304306,19,255.0,growth since 2024,,,,,,101,255.42
20250506132721,1588254,20,976.0,growth since 2022,,2.81,16.0,2,,71,975.85
20250506132721,2263294,21,534.0,growth since 2024,,,,1,,83,533.96
20250506132721,2206840,22,888.0,growth since 2024,4.0,,,1,0.0,32,887.53
20250506132721,1500355,23,,growth since 2022,,2.78,9.0,1,,73,1206.28
20250506132721,2293863,24,721.0,growth since 2024,,,,3,,77,720.97
20250506132721,2278370,25,,growth since 2023,4.0,,,2,0.0,39,3374.75
20250506132721,2181993,26,735.0,growth since 2023,1.0,1.0,1.0,3,100.0,46,734.72
20250506132721,1521998,27,,growth since 2022,,,,2,,72,2092.24
20250506132721,1059619,28,855.0,growth since 2021,,,,,,,
20250506132721,2199057,29,604.0,growth since 2024,3.0,,,1,98.0,31,603.58
20250506132721,884935,30,511.0,growth since 2020,,5.0,1.0,,,,
20250506132721,2204998,31,491.0,growth since 2022,0.0,4.67,2.0,4,97.0,50,491.22
20250506132721,2296501,32,528.0,growth since 2024,,,,,,94,527.66
20250506132721,2222743,33,483.0,growth since 2024,1.0,,,3,79.0,33,482.55
20250506132721,2282066,34,,growth since 2024,0.0,,,2,100.0,31,2252.32
20250506132721,2303057,35,155.0,growth since 2023,0.0,,,2,100.0,35,155.2
20250506132721,2304847,36,467.0,growth since 2024,,,,4,87.0,65,466.79
20250506132721,2303729,37,152.0,growth since 2024,,,,5,,88,152.41
20250506132721,2302217,38,267.0,growth since 2022,,,,4,100.0,66,940.0
20250506132721,2302419,39,83.0,growth since 2024,,,,3,1.0,60,82.79
20250506132721,2303631,40,212.0,growth since 2024,0.0,,,4,45.0,47,212.4
20250506132721,2304138,41,82.0,growth since 2023,0.0,,,3,90.0,39,82.29
20250506132721,2305453,42,380.0,growth since 2024,0.0,5.0,1.0,4,2.0,25,379.62
20250506132721,2304061,43,,growth since 2025,0.0,,,3,0.0,31,1035.92
20250506132721,2302159,44,89.0,growth since 2025,0.0,,,5,100.0,26,88.83
20250506132721,2303132,45,74.0,growth since 2023,0.0,,,2,100.0,37,74.41
20250629163614,2304847,1,491.0,growth since 2024,,,,,,101,491.1
20250629163614,2021129,2,810.0,growth since 2023,0.0,,,5,98.0,47,809.99
20250629163614,2084890,3,257.0,growth since 2023,1.0,1.0,1.0,5,97.0,40,257.15
20250629163614,2310820,4,326.0,growth since 2024,0.0,,,5,91.0,51,325.6
20250629163614,2270478,5,140.0,growth since 2024,,5.0,1.0,,,93,139.75
20250629163614,2314350,6,447.0,growth since 2023,0.0,,,5,88.0,41,447.0
20250629163614,2291344,7,207.0,growth since 2025,,,,5,0.0,55,207.05
20250629163614,2309635,8,197.0,growth since 2024,,,,5,,86,196.55
20250629163614,2194236,9,182.0,growth since 2024,0.0,,,5,100.0,39,182.04
20250629163614,1676020,10,187.0,growth since 2022,,,,5,,76,186.82
20250629163614,2312082,11,234.0,growth since 2024,0.0,,,5,0.0,33,234.19
20250629163614,2299472,12,160.0,growth since 2023,0.0,,,5,13.0,43,160.05
20250629163614,2262642,13,,growth since 2021,,4.0,5.0,,,96,1458.51
20250629163614,1988269,14,372.0,growth since 2023,79.0,4.95,7.0,5,58.0,48,371.84
20250629163614,2304306,15,390.0,growth since 2024,47.0,5.0,1.0,3,87.0,22,390.11
20250629163614,2284676,16,343.0,growth since 2025,,2.81,9.0,4,,76,343.39
20250629163614,2206840,17,,growth since 2024,22.0,3.0,3.0,1,0.0,36,1811.07
20250629163614,2250716,18,238.0,growth since 2024,,5.0,1.0,4,97.0,58,238.2
20250629163614,2263294,19,985.0,growth since 2024,17.0,4.0,2.0,1,92.0,20,984.74
20250629163614,2271402,20,,growth since 2021,,2.38,23.0,,,88,4521.62
20250629163614,2199057,21,942.0,growth since 2024,13.0,,,1,97.0,34,941.84
20250629163614,2249418,22,,growth since 2023,13.0,4.29,7.0,4,0.0,44,3254.16
20250629163614,2266939,23,464.0,growth since 2024,11.0,2.58,4.0,3,99.0,26,463.85
20250629163614,2304764,24,57.0,growth since 2025,9.0,5.0,2.0,2,100.0,48,57.38
20250629163614,2278370,25,,growth since 2023,3.0,,,2,0.0,44,4745.76
20250629163614,2311102,26,,growth since 2023,8.0,4.25,4.0,1,0.0,38,1097.08
20250629163614,1521998,27,,growth since 2022,,,,2,,75,2192.35
20250629163614,2222743,28,643.0,growth since 2024,0.0,,,3,83.0,37,642.89
20250629163614,2204998,29,506.0,growth since 2022,,4.67,2.0,4,96.0,53,505.93
20250629163614,2313751,30,,growth since 2021,,,,,,,
20250629163614,2317284,31,,growth since 2024,,,,3,0.0,63,1677.45
20250629163614,2311779,32,87.0,growth since 2025,0.0,,,2,98.0,15,87.34
20250629163614,2312737,33,247.0,growth since 2025,0.0,,,1,100.0,34,247.32
20250629163614,2313989,34,76.0,growth since 2022,,,,5,,78,75.64
20250629163614,2312000,35,147.0,growth since 2025,,,,1,87.0,57,147.4
20250629163614,2313942,36,75.0,growth since 2025,0.0,,,2,0.0,38,74.91
20250629163614,2315484,37,112.0,growth since 2023,0.0,,,2,92.0,44,112.01
20250629163614,2315754,38,111.0,growth since 2024,0.0,,,2,86.0,21,111.06
20250629163614,2311789,39,36.0,growth since 2025,,,,5,,87,36.14
20250726003342,2304847,1,422.0,growth since 2024,12.0,,,5,92.0,19,421.65
20250726003342,2270349,2,158.0,growth since 2024,,4.83,4.0,5,,87,158.01
20250726003342,2270168,3,145.0,growth since 2024,8.0,3.5,2.0,5,91.0,23,145.48
20250726003342,2021129,4,785.0,growth since 2023,0.0,,,5,97.0,49,785.11
20250726003342,2291344,5,250.0,growth since 2025,,,,5,0.0,66,250.4
20250726003342,2309635,6,234.0,growth since 2024,0.0,,,5,0.0,19,234.26
20250726003342,2084890,7,233.0,growth since 2023,0.0,1.0,1.0,5,97.0,42,233.13
20250726003342,2194236,8,213.0,growth since 2024,0.0,,,5,100.0,41,213.12
20250726003342,2308787,9,226.0,growth since 2025,,,,5,98.0,65,225.89
20250726003342,1676020,10,177.0,growth since 2022,,,,5,,78,176.76
20250726003342,2292004,11,175.0,growth since 2024,0.0,,,5,99.0,21,174.57
20250726003342,2302267,12,449.0,growth since 2025,0.0,,,5,99.0,16,449.31
20250726003342,2262642,13,,growth since 2021,,3.89,6.0,,,,
20250726003342,1988269,14,295.0,growth since 2023,81.0,4.3,10.0,5,61.0,50,295.27
20250726003342,2304306,15,465.0,growth since 2024,79.0,3.67,9.0,3,77.0,24,464.98
20250726003342,2284676,16,318.0,growth since 2025,,2.75,19.0,,,92,318.28
20250726003342,2206840,17,,growth since 2024,26.0,3.0,3.0,1,0.0,38,1977.07
20250726003342,2199057,18,,growth since 2024,19.0,,,1,97.0,36,1065.27
20250726003342,2271402,19,,growth since 2021,,2.59,25.0,,,89,4653.6
20250726003342,2266939,20,470.0,growth since 2024,14.0,3.07,5.0,3,99.0,28,470.24
20250726003342,2249418,21,,growth since 2023,12.0,4.29,7.0,4,0.0,46,3518.12
20250726003342,2263294,22,899.0,growth since 2024,11.0,3.0,3.0,1,88.0,22,898.87
20250726003342,2250716,23,189.0,growth since 2024,,3.67,3.0,4,97.0,64,188.67
20250726003342,2313751,24,,growth since 2021,,,,,,,
20250726003342,2293931,25,539.0,growth since 2025,7.0,,,4,100.0,13,539.1
20250726003342,2242301,26,306.0,growth since 2024,0.0,5.0,1.0,2,0.0,29,306.38
20250726003342,2261067,27,-49.0,growth since 2024,0.0,,,,0.0,23,-48.94
20250726003342,2317595,28,449.0,growth since 2024,0.0,,,3,0.0,38,448.63
20250726003342,2321170,29,,growth since 2024,0.0,,,1,0.0,32,1697.08
20250726003342,2317180,30,173.0,growth since 2025,,,,3,98.0,66,172.67
20250726003342,2317912,31,412.0,growth since 2024,0.0,,,5,0.0,32,411.54
20250726003342,2320275,32,304.0,growth since 2025,,,,1,,83,304.21
20250726003342,2319011,33,131.0,growth since 2025,0.0,,,4,93.0,16,131.19
20250726003342,2318608,34,184.0,growth since 2024,0.0,,,2,97.0,24,183.75
20250726003342,2320070,35,169.0,growth since 2025,,,,5,98.0,63,168.64
20250726003342,2319630,36,461.0,growth since 2025,0.0,,,4,0.0,16,460.88
20250726003342,2319339,37,81.0,growth since 2025,,,,5,21.0,58,81.27
20250726003342,2318071,38,64.0,growth since 2025,1.0,,,5,86.0,46,64.17
20250726003342,2318480,39,91.0,growth since 2023,0.0,,,4,95.0,41,91.34
20250807180659,1988269,1,317.0,growth since 2023,66.0,4.37,10.0,5,61.0,51,316.68
20250807180659,2270168,2,132.0,growth since 2024,9.0,3.5,2.0,5,91.0,24,131.52
20250807180659,2270349,3,160.0,growth since 2024,,4.83,4.0,5,,88,159.72
20250807180659,2309635,4,311.0,growth since 2024,1.0,,,5,0.0,20,310.64
20250807180659,2291344,5,314.0,growth since 2025,,,,5,,74,314.08
20250807180659,2307157,6,266.0,growth since 2025,,,,5,52.0,58,266.2
20250807180659,2049326,7,235.0,growth since 2023,1.0,3.22,3.0,5,100.0,48,235.14
20250807180659,2194236,8,198.0,growth since 2024,0.0,,,5,100.0,42,197.72
20250807180659,2308787,9,200.0,growth since 2025,,,,5,,74,200.26
20250807180659,2021129,10,792.0,growth since 2023,0.0,,,5,97.0,48,732.62
20250807180659,2250500,11,994.0,growth since 2024,1.0,,,5,95.0,27,993.69
20250807180659,2245675,12,185.0,growth since 2024,2.0,,,5,99.0,30,184.5
20250807180659,2304306,13,495.0,growth since 2024,107.0,4.13,15.0,3,77.0,25,495.41
20250807180659,2262642,14,,growth since 2021,,3.89,6.0,,,,
20250807180659,2284676,15,355.0,growth since 2025,,2.75,19.0,,,95,355.02
20250807180659,2206840,16,,growth since 2024,31.0,3.0,3.0,1,0.0,39,2221.61
20250807180659,2199057,17,,growth since 2024,27.0,,,1,97.0,37,1138.73
20250807180659,2271402,18,,growth since 2021,,2.59,25.0,,,91,4806.24
20250807180659,2313751,19,,growth since 2021,,,,,,,
20250807180659,2249418,20,,growth since 2023,10.0,4.29,7.0,4,0.0,47,3519.1
20250807180659,2266939,21,305.0,growth since 2024,9.0,3.07,5.0,3,99.0,29,305.04
20250807180659,2280390,22,,growth since 2025,6.0,,,1,0.0,18,2559.47
20250807180659,2242301,23,367.0,growth since 2024,0.0,5.0,1.0,2,0.0,30,367.03
20250807180659,2324422,24,32.0,growth since 2025,0.0,,,3,0.0,15,31.88
20250807180659,2320275,25,247.0,growth since 2025,,,,,,92,247.14
20250807180659,2323513,26,,growth since 2025,,,,2,,73,1399.23
20250807180659,2319339,27,126.0,growth since 2025,,,,5,20.0,65,125.55
20250807180659,2323165,28,,growth since 2024,0.0,,,5,62.0,20,1251.81
20250807180659,2320070,29,112.0,growth since 2025,,,,5,98.0,69,111.97
20250807180659,2322468,30,148.0,growth since 2024,,,,2,0.0,67,148.39
20250807180659,2322075,31,117.0,growth since 2025,0.0,,,1,98.0,22,116.61
20250807180659,2322134,32,282.0,growth since 2025,0.0,,,3,98.0,50,282.46
20250807180659,2320339,33,61.0,growth since 2025,,,,4,,87,60.94
20250807180659,2320019,34,54.0,growth since 2025,0.0,,,5,81.0,36,54.17
20250807180659,2319839,35,96.0,growth since 2025,0.0,,,2,0.0,37,95.56
20250807180659,2319969,36,57.0,growth since 2025,0.0,,,5,67.0,27,56.86
20250904155852,2270349,1,139.0,growth since 2024,,4.1,7.0,,,100,139.4
20250904155852,2304997,2,,growth since 2025,0.0,,,5,0.0,12,1341.12
20250904155852,2291344,3,341.0,growth since 2025,,,,5,,85,341.37
20250904155852,2021129,4,804.0,growth since 2023,0.0,,,5,97.0,50,804.05
20250904155852,2307157,5,327.0,growth since 2025,,,,5,,75,326.68
20250904155852,2084890,6,237.0,growth since 2023,0.0,1.0,1.0,5,96.0,45,236.91
20250904155852,2194236,7,223.0,growth since 2024,0.0,,,5,100.0,44,223.38
20250904155852,2250500,8,,growth since 2024,1.0,,,5,94.0,29,1411.63
20250904155852,2049326,9,238.0,growth since 2023,1.0,3.22,3.0,5,100.0,49,237.89
20250904155852,2303640,10,182.0,growth since 2025,,,,,,98,181.57
20250904155852,2245675,11,205.0,growth since 2024,2.0,,,5,98.0,32,205.3
20250904155852,2248087,12,181.0,growth since 2024,1.0,,,5,100.0,31,180.86
20250904155852,2304306,13,535.0,growth since 2024,184.0,4.14,17.0,3,78.0,27,534.97
20250904155852,2262642,14,,growth since 2021,,4.17,8.0,,,,
20250904155852,2199057,15,,growth since 2024,52.0,5.0,3.0,1,97.0,39,1253.26
20250904155852,2206840,16,,growth since 2024,43.0,3.17,6.0,1,4.0,41,2593.71
20250904155852,1988269,17,293.0,growth since 2023,,4.06,11.0,4,64.0,53,292.65
20250904155852,2284676,18,328.0,growth since 2025,27.0,2.75,19.0,3,96.0,18,327.9
20250904155852,2280569,19,875.0,growth since 2024,26.0,5.0,1.0,1,87.0,22,875.21
20250904155852,2271402,20,,growth since 2021,,2.68,26.0,,,93,4858.06
20250904155852,2313751,21,,growth since 2021,,,,,,,
20250904155852,2323513,22,237.0,growth since 2025,,1.0,1.0,2,,86,1558.43
20250904155852,2322371,23,114.0,growth since 2024,9.0,4.33,2.0,2,0.0,26,114.13
20250904155852,2280390,24,,growth since 2025,6.0,,,3,0.0,20,2851.95
20250904155852,2280568,25,349.0,growth since 2024,7.0,4.33,1.0,1,93.0,21,348.63
20250904155852,2222743,26,,growth since 2024,3.0,,,3,83.0,41,1073.53
20250904155852,2300694,27,930.0,growth since 2022,,,,1,92.0,61,930.46
20250904155852,1059619,28,916.0,growth since 2021,,,,,,,
20250904155852,884935,29,621.0,growth since 2020,,5.0,1.0,,,,
20250904155852,1560883,30,558.0,growth since 2021,,2.83,6.0,,,97,558.08
20250904155852,2181993,31,508.0,growth since 2023,,1.17,2.0,3,99.0,54,507.81
20250904155852,2291274,32,284.0,growth since 2019,,,,,,,
20250904155852,2256042,33,278.0,growth since 2023,,,,4,95.0,63,277.64
20250904155852,1755063,34,304.0,growth since 2022,,,,1,,78,296.81
20250904155852,2256046,35,258.0,growth since 2023,,,,4,98.0,58,258.18
20250904155852,2326263,36,388.0,growth since 2025,,,,4,,84,388.11
20250904155852,2324707,37,476.0,growth since 2024,0.0,,,3,99.0,20,475.91
20250904155852,2324987,38,161.0,growth since 2025,,,,1,83.0,71,160.77
20250904155852,2325779,39,123.0,growth since 2023,0.0,,,4,99.0,37,123.26
20250904155852,2325635,40,195.0,growth since 2025,,,,3,0.0,64,195.35
20250904155852,2325418,41,153.0,growth since 2023,0.0,,,2,52.0,24,153.28
20250904155852,2324736,42,494.0,growth since 2025,0.0,,,1,0.0,16,493.85
20250904155852,2324578,43,94.0,growth since 2025,,,,2,,92,94.38
20250904155852,2324692,44,57.0,growth since 2025,0.0,,,5,0.0,20,56.93
20250904155852,2324548,45,60.0,growth since 2025,0.0,,,4,96.0,30,60.43
20250904155852,2325014,46,59.0,growth since 2025,0.0,,,4,89.0,27,58.8
20250904155852,2328041,47,151.0,growth since 2025,,,,4,,94,150.82
20251001172331,2270349,1,139.0,growth since 2024,24.0,3.71,8.0,5,100.0,27,139.2
20251001172331,2265877,2,120.0,growth since 2024,10.0,,,5,99.0,26,119.96
20251001172331,2257028,3,62.0,growth since 2024,8.0,5.0,1.0,5,99.0,32,62.24
20251001172331,2322109,4,904.0,growth since 2024,0.0,,,5,34.0,24,903.78
20251001172331,2302164,5,430.0,growth since 2025,0.0,,,5,34.0,15,101230.47
20251001172331,2021129,6,990.0,growth since 2023,0.0,,,5,97.0,52,989.57
20251001172331,2291344,7,336.0,growth since 2025,,,,,,94,335.55
20251001172331,2309635,8,280.0,growth since 2024,1.0,,,5,0.0,23,280.08
20251001172331,2049326,9,280.0,growth since 2023,1.0,3.22,3.0,5,100.0,52,279.65
20251001172331,2245675,10,266.0,growth since 2024,5.0,,,5,98.0,34,265.65
20251001172331,2308787,11,261.0,growth since 2025,0.0,,,5,98.0,14,261.1
20251001172331,2218544,12,277.0,growth since 2024,0.0,,,5,0.0,46,276.78
20251001172331,2199057,13,,growth since 2024,101.0,5.0,4.0,1,96.0,41,1495.64
20251001172331,2304306,14,309.0,growth since 2024,85.0,2.86,40.0,3,75.0,29,308.8
20251001172331,2262642,15,,growth since 2021,,4.17,8.0,,,,
20251001172331,2280569,16,,growth since 2024,50.0,5.0,1.0,1,88.0,24,1194.42
20251001172331,1988269,17,367.0,growth since 2023,25.0,3.81,12.0,4,65.0,55,367.36
20251001172331,2313751,18,,growth since 2021,,,,,,,
20251001172331,2284676,19,335.0,growth since 2025,12.0,2.75,19.0,3,95.0,20,335.33
20251001172331,2324259,20,28.0,growth since 2025,12.0,2.67,3.0,4,2.0,25,27.88
20251001172331,2310685,21,261.0,growth since 2025,,3.0,3.0,4,,85,260.71
20251001172331,2249418,22,,growth since 2023,10.0,4.29,7.0,4,0.0,51,3666.88
20251001172331,2271402,23,,growth since 2021,,2.67,27.0,,,95,4991.45
20251001172331,2280390,24,,growth since 2025,5.0,,,3,0.0,21,2686.42
20251001172331,2304997,25,,growth since 2025,5.0,,,4,0.0,14,1111.93
20251001172331,2330297,26,241.0,growth since 2025,,,,,,98,240.79
20251001172331,2332462,27,583.0,growth since 2025,0.0,,,3,97.0,17,582.85
20251001172331,2330429,28,90.0,growth since 2024,0.0,,,5,88.0,41,89.93
20251001172331,2330470,29,93.0,growth since 2025,,,,4,72.0,71,92.69
20251001172331,2329921,30,58.0,growth since 2025,0.0,,,1,0.0,36,57.66
20251001172331,2329926,31,79.0,growth since 2025,0.0,,,3,0.0,32,78.88
20251001172331,2329710,32,70.0,growth since 2025,0.0,,,1,100.0,46,70.22
20251001172331,2331789,33,87.0,growth since 2025,0.0,,,1,0.0,56,86.95
20251001172331,2330300,34,55.0,growth since 2025,0.0,,,4,0.0,18,54.92
20251001172331,2329947,35,32.0,growth since 2025,0.0,,,4,0.0,45,32.15
20251001172331,2329641,36,37.0,growth since 2025,0.0,,,5,89.0,26,36.67
20251001172331,2330026,37,37.0,growth since 2025,0.0,,,4,0.0,18,37.02
20251001172331,1521998,38,,growth since 2022,,,,2,,82,2289.89
20251001172331,884935,39,652.0,growth since 2020,,5.0,1.0,,,,
20251001172331,2222743,40,,growth since 2024,5.0,,,3,83.0,43,1390.01
20251001172331,2304061,41,,growth since 2025,,,,2,,75,1804.16
20251001172331,1560883,42,582.0,growth since 2021,,2.83,6.0,,,99,581.59
20251001172331,2288739,43,530.0,growth since 2024,4.0,,,3,0.0,37,530.44
20251001172331,2317595,44,573.0,growth since 2024,0.0,,,3,1.0,43,572.71
20251001172331,2204998,45,599.0,growth since 2022,,4.67,2.0,4,95.0,60,599.2
20251001172331,2300694,46,958.0,growth since 2022,,,,1,92.0,63,957.57
20251001172331,2320275,47,362.0,growth since 2025,0.0,,,3,89.0,16,362.19
20251001172331,2234719,48,214.0,growth since 2024,0.0,,,3,0.0,36,214.21
20251001172331,2231030,49,375.0,growth since 2024,6.0,,,2,93.0,37,374.68
20251001172331,2302162,50,754.0,growth since 2025,0.0,,,4,42.0,15,6493.09
20251102042745,2245675,1,218.0,growth since 2024,13.0,,,5,98.0,36,217.57
20251102042745,2270349,2,132.0,growth since 2024,14.0,3.74,9.0,5,100.0,29,131.58
20251102042745,2270168,3,154.0,growth since 2024,8.0,3.5,2.0,5,89.0,30,153.7
20251102042745,2265877,4,112.0,growth since 2024,10.0,,,5,99.0,28,111.6
20251102042745,2257028,5,71.0,growth since 2024,9.0,5.0,1.0,5,99.0,34,70.61
20251102042745,2302164,6,447.0,growth since 2025,0.0,,,5,31.0,17,104534.08
20251102042745,2021129,7,972.0,growth since 2023,0.0,,,5,97.0,54,972.31
20251102042745,2049326,8,316.0,growth since 2023,2.0,3.22,3.0,5,100.0,54,316.11
20251102042745,2218544,9,333.0,growth since 2024,0.0,,,5,0.0,47,335.55
20251102042745,2248087,10,258.0,growth since 2024,3.0,,,5,100.0,35,258.01
20251102042745,2194236,11,235.0,growth since 2024,0.0,,,5,100.0,48,234.54
20251102042745,2291219,12,223.0,growth since 2025,1.0,,,5,34.0,24,223.49
20251102042745,2280569,13,,growth since 2024,112.0,5.0,5.0,1,89.0,25,1398.2
20251102042745,2199057,14,819.0,growth since 2024,76.0,2.67,25.0,1,96.0,43,819.43
20251102042745,2262642,15,,growth since 2021,,3.93,10.0,,,,
20251102042745,2338769,16,,growth since 2022,,5.0,2.0,2,55.0,65,1801.28
20251102042745,2304306,17,347.0,growth since 2024,32.0,2.69,44.0,3,76.0,31,346.97
20251102042745,1988269,18,456.0,growth since 2023,,3.81,12.0,4,65.0,56,456.33
20251102042745,2332750,19,682.0,growth since 2025,,,,1,69.0,63,682.16
20251102042745,2310685,20,48.0,growth since 2025,,3.5,4.0,,,97,47.82
20251102042745,2284676,21,506.0,growth since 2025,13.0,2.87,20.0,1,95.0,22,506.14
20251102042745,2271402,22,,growth since 2021,,2.61,28.0,,,97,5117.84
20251102042745,2280390,23,,growth since 2025,0.0,,,3,0.0,24,3737.41
20251102042745,2335084,24,437.0,growth since 2025,,,,1,,89,437.2
20251102042745,2337459,25,256.0,growth since 2025,,,,3,99.0,65,256.41
20251102042745,2340282,26,804.0,growth since 2024,0.0,,,1,64.0,25,804.25
20251102042745,2334245,27,84.0,growth since 2025,,,,2,99.0,74,84.32
20251102042745,2336750,28,96.0,growth since 2025,,,,3,,92,95.9
20251102042745,2336239,29,85.0,growth since 2025,0.0,,,2,69.0,14,84.91
20251102042745,2334461,30,93.0,growth since 2025,0.0,,,5,100.0,32,92.8
20251102042745,2336816,31,98.0,growth since 2025,,,,5,0.0,73,98.44
20251102042745,2338678,32,185.0,growth since 2025,0.0,,,2,86.0,22,974.29
20251102042745,2335856,33,69.0,growth since 2025,0.0,,,3,0.0,37,69.27
20251102042745,2335284,34,60.0,growth since 2025,0.0,,,4,0.0,35,59.79
20251102042745,2300694,35,986.0,growth since 2022,,,,1,93.0,65,985.84
20251102042745,884935,36,692.0,growth since 2020,,5.0,1.0,,,,
20251102042745,2304061,37,,growth since 2025,,,,2,,80,2106.5
20251102042745,1560883,38,593.0,growth since 2021,,2.83,6.0,,,101,592.82
20251102042745,2288739,39,559.0,growth since 2024,2.0,,,3,0.0,39,559.36
20251102042745,2204998,40,624.0,growth since 2022,,4.67,2.0,4,95.0,62,623.55
20251102042745,2326263,41,547.0,growth since 2025,0.0,,,4,0.0,13,546.74
20251102042745,2222743,42,,growth since 2024,1.0,4.67,1.0,2,83.0,45,1021.3
20251102042745,2320275,43,310.0,growth since 2025,0.0,,,4,90.0,18,310.41
20251102042745,2297682,44,346.0,growth since 2025,0.0,,,3,87.0,20,346.4
20251102042745,2289063,45,276.0,growth since 2025,,,,2,,75,275.71
20251102042745,2231030,46,479.0,growth since 2024,9.0,,,3,94.0,38,479.26
20251201020448,2245675,1,246.0,growth since 2024,10.0,,,5,98.0,38,245.69
20251201020448,2265877,2,129.0,growth since 2024,14.0,4.0,1.0,5,99.0,30,129.28
20251201020448,2270168,3,214.0,growth since 2024,7.0,3.5,2.0,5,88.0,32,214.18
20251201020448,2257028,4,78.0,growth since 2024,13.0,5.0,1.0,5,99.0,36,77.75
20251201020448,2302164,5,541.0,growth since 2025,0.0,,,5,29.0,20,122514.78
20251201020448,2337459,6,435.0,growth since 2025,,,,5,,77,434.71
20251201020448,2201705,7,366.0,growth since 2023,,5.0,2.0,5,92.0,61,365.96
20251201020448,2049326,8,347.0,growth since 2023,,3.22,3.0,5,99.0,56,347.12
20251201020448,2248087,9,327.0,growth since 2024,2.0,,,5,100.0,37,326.5
20251201020448,2021129,10,,growth since 2023,,,,5,96.0,55,1011.54
20251201020448,2291344,11,260.0,growth since 2025,0.0,,,5,0.0,22,259.87
20251201020448,2194236,12,233.0,growth since 2024,0.0,,,5,100.0,50,233.2
20251201020448,2280569,13,,growth since 2024,109.0,4.89,12.0,1,89.0,28,1576.98
20251201020448,2262642,14,,growth since 2021,,3.78,12.0,,,,
20251201020448,2335084,15,735.0,growth since 2025,39.0,3.0,1.0,1,96.0,17,734.71
20251201020448,2284676,16,635.0,growth since 2025,23.0,2.87,20.0,3,95.0,24,635.22
20251201020448,2231030,17,535.0,growth since 2024,19.0,,,2,94.0,40,535.41
20251201020448,2304306,18,362.0,growth since 2024,17.0,2.69,44.0,3,76.0,32,362.45
20251201020448,2199057,19,997.0,growth since 2024,16.0,2.64,27.0,1,95.0,46,997.25
20251201020448,2338769,20,,growth since 2022,,2.43,7.0,1,56.0,67,1750.63
20251201020448,2332750,21,831.0,growth since 2025,,,,1,,71,830.78
20251201020448,2271402,22,,growth since 2021,,2.61,28.0,,,,
20251201020448,1560883,23,627.0,growth since 2021,,2.83,6.0,,,,
20251201020448,2341695,24,66.0,growth since 2025,7.0,,,3,99.0,18,66.22
20251201020448,2343251,25,,growth since 2024,4.0,,,4,0.0,41,5447.44
20251201020448,2339629,26,222.0,growth since 2025,,,,2,0.0,59,222.28
20251201020448,2340546,27,181.0,growth since 2024,0.0,,,1,99.0,34,181.05
20251201020448,2340855,28,166.0,growth since 2024,0.0,,,2,98.0,38,165.83
20251201020448,2342551,29,140.0,growth since 2025,0.0,,,1,100.0,16,140.26
20251201020448,2342381,30,289.0,growth since 2025,0.0,,,3,98.0,18,288.88
20251201020448,2342682,31,151.0,growth since 2024,0.0,,,2,69.0,44,150.53
20251201020448,2339441,32,167.0,growth since 2025,,,,3,,79,167.46
20251201020448,2339416,33,109.0,growth since 2025,0.0,,,3,97.0,25,109.04
20251201020448,2344914,34,,growth since 2025,,,,1,,77,1030.94
20251201020448,2339594,35,82.0,growth since 2025,0.0,,,5,0.0,33,82.33
20251201020448,1988269,36,523.0,growth since 2023,,3.81,12.0,3,65.0,58,523.37
20251201020448,1521998,37,,growth since 2022,,,,2,,85,2361.89
20251201020448,884935,38,687.0,growth since 2020,,5.0,1.0,,,,
20251201020448,2204998,39,652.0,growth since 2022,,4.67,2.0,4,95.0,64,651.51
20251201020448,2250500,40,,growth since 2024,3.0,,,4,95.0,35,3427.58
20251201020448,2222743,41,,growth since 2024,1.0,4.67,1.0,2,83.0,48,1234.43
20251201020448,2297682,42,435.0,growth since 2025,0.0,,,4,80.0,22,435.41
20251201020448,2317345,43,363.0,growth since 2025,,4.67,1.0,4,,87,362.93
20251201020448,2320275,44,321.0,growth since 2025,0.0,,,4,91.0,20,321.13
20251201020448,2307342,45,305.0,growth since 2024,1.0,,,4,100.0,34,304.72
20251201020448,2332462,46,728.0,growth since 2025,1.0,2.33,1.0,2,98.0,21,727.99
20251201020448,2266939,47,504.0,growth since 2024,0.0,3.07,5.0,2,99.0,37,503.82
20260101050858,2270168,1,235.0,growth since 2024,9.0,3.5,2.0,5,87.0,34,234.79
20260101050858,2245675,2,324.0,growth since 2024,17.0,,,5,98.0,39,319.21
20260101050858,2257028,3,90.0,growth since 2024,14.0,4.78,3.0,5,99.0,38,89.6
20260101050858,2302164,4,601.0,growth since 2025,0.0,,,5,28.0,22,134074.24
20260101050858,2021129,5,,growth since 2023,,,,5,95.0,57,1034.27
20260101050858,2250500,6,,growth since 2024,3.0,,,5,95.0,37,2314.35
20260101050858,2049326,7,311.0,growth since 2023,,3.22,3.0,5,100.0,58,310.63
20260101050858,2332085,8,327.0,growth since 2025,1.0,,,5,64.0,52,326.84
20260101050858,2336814,9,321.0,growth since 2025,1.0,3.0,1.0,5,0.0,12,321.24
20260101050858,2335155,10,337.0,growth since 2025,1.0,,,5,93.0,38,337.29
20260101050858,2248087,11,236.0,growth since 2024,2.0,,,5,100.0,39,236.01
20260101050858,2194236,12,211.0,growth since 2024,,,,5,100.0,53,210.61
20260101050858,2280569,13,,growth since 2024,120.0,4.92,16.0,1,90.0,29,1765.21
20260101050858,2335084,14,,growth since 2025,79.0,4.37,9.0,1,94.0,19,1005.4
20260101050858,2262642,15,,growth since 2021,,3.78,12.0,,,,
20260101050858,2284676,16,714.0,growth since 2025,33.0,2.92,21.0,3,95.0,27,713.67
20260101050858,1988269,17,553.0,growth since 2023,,3.9,13.0,4,65.0,59,552.54
20260101050858,2265877,18,139.0,growth since 2024,15.0,2.83,2.0,5,99.0,31,139.21
20260101050858,2199057,19,997.0,growth since 2024,15.0,2.64,27.0,1,95.0,48,997.37
20260101050858,2304306,20,366.0,growth since 2024,11.0,2.69,44.0,2,76.0,32,366.06
20260101050858,2332750,21,907.0,growth since 2025,,2.33,1.0,1,,82,907.44
20260101050858,2271402,22,,growth since 2021,,2.61,28.0,,,,
20260101050858,2338769,23,,growth since 2022,,2.22,9.0,1,56.0,69,1693.23
20260101050858,2295896,24,812.0,growth since 2024,3.0,,,1,97.0,31,812.16
20260101050858,884935,25,706.0,growth since 2020,,5.0,1.0,,,,
20260101050858,2204998,26,677.0,growth since 2022,,4.67,2.0,4,95.0,67,677.13
20260101050858,2345800,27,616.0,growth since 2025,,,,1,,78,615.86
20260101050858,2345382,28,402.0,growth since 2025,,,,,,94,401.71
20260101050858,2344981,29,107.0,growth since 2025,0.0,,,4,89.0,20,106.96
20260101050858,2344300,30,103.0,growth since 2025,0.0,,,2,0.0,56,103.03
20260101050858,2347509,31,160.0,growth since 2025,,,,2,,83,160.31
20260101050858,2347042,32,108.0,growth since 2025,0.0,,,2,91.0,40,107.54
20260101050858,2345108,33,324.0,growth since 2025,,,,3,,93,323.6
20260101050858,2346446,34,120.0,growth since 2025,3.0,5.0,1.0,4,0.0,42,119.71
20260101050858,2345182,35,70.0,growth since 2025,,,,3,0.0,59,69.97
20260101050858,2347041,36,158.0,growth since 2025,0.0,,,1,100.0,52,157.89
20260101050858,2346153,37,418.0,growth since 2025,0.0,,,1,99.0,19,417.65
20260101050858,2346422,38,62.0,growth since 2025,0.0,,,3,4.0,32,61.86
20260101050858,1059619,39,901.0,growth since 2021,,,,,,,
20260101050858,2222743,40,,growth since 2024,1.0,4.67,1.0,2,82.0,49,1380.98
20260101050858,1560883,41,630.0,growth since 2021,,2.83,6.0,,,,
20260101050858,1755063,42,412.0,growth since 2022,,,,2,,87,412.3
20260101050858,2306794,43,315.0,growth since 2024,0.0,,,4,95.0,43,314.77
20260101050858,2266939,44,530.0,growth since 2024,1.0,3.07,5.0,3,99.0,39,529.66
20260101050858,2274561,45,,growth since 2024,1.0,,,1,0.0,31,1110.29
20260101050858,2322150,46,231.0,growth since 2025,,,,,,99,230.75
20260101050858,2309024,47,221.0,growth since 2025,1.0,4.33,1.0,1,29.0,19,220.78
20260101050858,2312227,48,499.0,growth since 2025,0.0,,,4,0.0,18,499.23
20260201045413,2245675,1,324.0,growth since 2024,19.0,3.0,2.0,5,98.0,42,323.66
20260201045413,2270168,2,211.0,growth since 2024,21.0,3.5,2.0,5,87.0,36,210.72
20260201045413,2265877,3,183.0,growth since 2024,30.0,3.22,3.0,5,99.0,33,183.47
20260201045413,2257028,4,102.0,growth since 2024,16.0,4.83,4.0,5,99.0,40,101.67
20260201045413,2021129,5,,growth since 2023,,,,5,89.0,60,1709.99
20260201045413,2332085,6,378.0,growth since 2025,,,,5,61.0,65,378.34
20260201045413,2336814,7,346.0,growth since 2025,0.0,3.0,1.0,5,0.0,15,346.25
20260201045413,2248087,8,355.0,growth since 2024,2.0,,,5,100.0,41,355.3
20260201045413,2337459,9,316.0,growth since 2025,0.0,,,5,99.0,21,315.52
20260201045413,2049326,10,298.0,growth since 2023,,3.22,3.0,5,100.0,60,298.28
20260201045413,2326895,11,241.0,growth since 2025,,,,5,,92,240.88
20260201045413,2330653,12,212.0,growth since 2025,,,,5,86.0,61,212.47
20260201045413,2335084,13,,growth since 2025,194.0,4.0,17.0,2,93.0,21,1229.56
20260201045413,2344914,14,,growth since 2025,,3.78,3.0,,,92,2025.78
20260201045413,2280569,15,,growth since 2024,83.0,4.07,24.0,1,89.0,31,1837.99
20260201045413,2262642,16,,growth since 2021,,3.46,16.0,,,,
20260201045413,2339082,17,388.0,growth since 2025,,5.0,1.0,4,,77,387.9
20260201045413,2284676,18,843.0,growth since 2025,23.0,3.02,20.0,3,95.0,28,779.54
20260201045413,1988269,19,692.0,growth since 2023,,3.9,13.0,3,68.0,60,569.92
20260201045413,2199057,20,,growth since 2024,13.0,2.64,27.0,1,96.0,50,1210.33
20260201045413,2271402,21,,growth since 2021,,2.61,28.0,,,,
20260201045413,1521998,22,,growth since 2022,,,,2,,88,2840.92
20260201045413,1560883,23,720.0,growth since 2021,,2.83,6.0,,,,
20260201045413,2353143,24,,growth since 2025,,,,3,85.0,55,1400.12
20260201045413,2352523,25,155.0,growth since 2025,,,,3,0.0,68,154.56
20260201045413,2351157,26,109.0,growth since 2025,0.0,,,2,98.0,15,109.25
20260201045413,2352025,27,131.0,growth since 2025,0.0,,,1,88.0,33,131.12
20260201045413,2351927,28,107.0,growth since 2025,0.0,,,3,0.0,32,622.64
20260201045413,2352324,29,94.0,growth since 2025,0.0,,,4,95.0,27,94.07
20260201045413,2352638,30,116.0,growth since 2025,1.0,,,5,100.0,38,116.18
20260201045413,2355365,31,337.0,growth since 2023,,5.0,1.0,3,0.0,63,337.27
20260201045413,2351084,32,158.0,growth since 2025,,,,5,84.0,63,158.21
20260201045413,2353309,33,78.0,growth since 2025,0.0,,,5,40.0,17,78.28
20260201045413,2356441,34,808.0,growth since 2025,0.0,,,1,86.0,38,807.69
20260201045413,2352854,35,65.0,growth since 2024,0.0,,,5,100.0,38,64.61
20260201045413,2204998,36,829.0,growth since 2022,,4.67,2.0,4,95.0,69,829.33
20260201045413,2333819,37,781.0,growth since 2025,1.0,,,4,0.0,24,781.42
20260201045413,1059619,38,862.0,growth since 2021,,,,,,,
20260201045413,2222743,39,,growth since 2024,1.0,4.67,1.0,2,82.0,52,1776.77
20260201045413,2339222,40,129.0,growth since 2025,,1.67,1.0,3,100.0,65,128.51
20260201045413,2307342,41,336.0,growth since 2024,0.0,,,4,100.0,36,335.78
20260201045413,2329641,42,427.0,growth since 2025,1.0,,,1,96.0,14,426.5
20260201045413,2322150,43,435.0,growth since 2025,1.0,,,1,99.0,16,434.64
20260201045413,2303631,44,495.0,growth since 2024,0.0,,,4,28.0,31,494.9
20260201045413,2231030,45,688.0,growth since 2024,8.0,,,2,95.0,42,687.92
20260301042638,2265877,1,193.0,growth since 2024,34.0,3.22,3.0,5,99.0,35,192.67
20260301042638,2326263,2,,growth since 2025,0.0,,,5,0.0,22,3303.31
20260301042638,2270168,3,159.0,growth since 2024,12.0,3.33,3.0,5,86.0,38,158.56
20260301042638,2257028,4,113.0,growth since 2024,16.0,4.83,4.0,5,99.0,42,113.41
20260301042638,2340788,5,133.0,growth since 2025,,,,5,,72,133.16
20260301042638,2314142,6,463.0,growth since 2025,0.0,,,5,100.0,24,462.8
20260301042638,2337989,7,416.0,growth since 2025,1.0,,,5,14.0,34,416.23
20260301042638,2340140,8,420.0,growth since 2025,,,,,,86,419.52
20260301042638,2245675,9,240.0,growth since 2024,6.0,3.0,2.0,5,98.0,44,239.69
20260301042638,2248087,10,356.0,growth since 2024,1.0,,,5,100.0,43,356.18
20260301042638,2337459,11,324.0,growth since 2025,0.0,,,5,99.0,23,323.91
20260301042638,2351061,12,338.0,growth since 2023,,,,5,95.0,56,338.45
20260301042638,2344914,13,,growth since 2025,,3.29,8.0,,,96,2189.09
20260301042638,2335084,14,,growth since 2025,92.0,3.45,25.0,2,93.0,23,1556.43
20260301042638,2262642,15,,growth since 2021,,3.31,17.0,,,,
20260301042638,2339082,16,443.0,growth since 2025,,4.83,2.0,,,89,442.52
20260301042638,2284676,17,,growth since 2025,33.0,3.02,20.0,2,95.0,30,1069.45
20260301042638,2280569,18,,growth since 2024,20.0,3.68,26.0,1,90.0,34,1486.35
20260301042638,1988269,19,718.0,growth since 2023,,3.9,13.0,3,68.0,63,718.39
20260301042638,2327733,20,578.0,growth since 2025,13.0,3.83,2.0,1,2.0,17,578.48
20260301042638,2317345,21,535.0,growth since 2025,10.0,3.56,3.0,4,59.0,19,534.96
20260301042638,2231030,22,731.0,growth since 2024,17.0,0.33,1.0,2,95.0,44,731.47
20260301042638,2343251,23,,growth since 2024,,1.78,3.0,3,0.0,47,7150.66
20260301042638,2271402,24,,growth since 2021,,2.61,28.0,,,,
20260301042638,2338769,25,,growth since 2022,,2.73,11.0,1,,73,1871.6
20260301042638,2356441,26,859.0,growth since 2025,,,,2,85.0,47,859.18
20260301042638,2358859,27,391.0,growth since 2024,,,,4,0.0,47,391.17
20260301042638,2358902,28,,growth since 2024,0.0,,,4,57.0,34,1097.82
20260301042638,2357715,29,161.0,growth since 2024,0.0,,,5,45.0,29,161.17
20260301042638,2358662,30,144.0,growth since 2025,,,,1,,71,144.47
20260301042638,2356528,31,182.0,growth since 2025,0.0,,,5,86.0,38,182.34
20260301042638,2359033,32,231.0,growth since 2025,,,,1,,66,231.13
20260301042638,2357453,33,68.0,growth since 2024,0.0,,,5,74.0,44,67.89
20260301042638,2356857,34,62.0,growth since 2025,0.0,,,5,76.0,40,61.56
20260301042638,2356592,35,57.0,growth since 2025,,,,,,92,57.04
20260301042638,2358141,36,98.0,growth since 2025,0.0,,,2,78.0,25,98.35
20260301042638,2360068,37,,growth since 2024,0.0,,,4,100.0,42,1050.58
20260301042638,1521998,38,,growth since 2022,,,,,,90,2789.54
20260301042638,2204998,39,778.0,growth since 2022,,4.67,2.0,4,,71,777.64
20260301042638,1560883,40,748.0,growth since 2021,,2.83,6.0,,,,
20260301042638,1059619,41,941.0,growth since 2021,,,,,,,
20260301042638,2322150,42,637.0,growth since 2025,0.0,,,1,99.0,18,636.78
20260301042638,2300694,43,,growth since 2022,,,,1,,71,1185.95
20260301042638,2307342,44,414.0,growth since 2024,2.0,,,4,100.0,39,414.15
20260301042638,2329641,45,541.0,growth since 2025,0.0,,,1,96.0,16,541.2
20260301042638,2222743,46,,growth since 2024,,4.67,1.0,2,83.0,53,1539.01
20260301042638,2355365,47,353.0,growth since 2023,,5.0,1.0,3,,65,352.57
20260301042638,2317146,48,315.0,growth since 2025,0.0,,,2,87.0,20,314.8
20260301042638,2334530,49,157.0,growth since 2025,,1.0,1.0,5,,86,156.79
20260301042638,2353976,50,24.0,growth since 2026,0.0,,,5,100.0,8,24.07
20260301042638,2350090,51,-8.0,growth since 2025,0.0,,,,74.0,30,-7.78
20260301042638,2325377,52,-23.0,growth since 2025,0.0,,,,93.0,19,-22.84
20260301042638,2325376,53,-51.0,growth since 2025,0.0,,,,86.0,21,-50.59
20260401001815,2326263,1,,growth since 2025,2.0,,,5,0.0,24,2864.22
20260401001815,2265877,2,214.0,growth since 2024,70.0,2.71,7.0,5,99.0,38,214.01
20260401001815,2257028,3,64.0,growth since 2024,13.0,4.83,4.0,5,99.0,44,63.54
20260401001815,2346510,4,,growth since 2025,,,,5,91.0,53,1725.54
20260401001815,2314142,5,565.0,growth since 2025,2.0,,,5,100.0,26,565.0
20260401001815,2351061,6,508.0,growth since 2023,,,,5,96.0,58,508.15
20260401001815,2337989,7,417.0,growth since 2025,,,,5,14.0,45,416.83
20260401001815,2337490,8,339.0,growth since 2025,0.0,,,5,97.0,26,339.42
20260401001815,2361784,9,364.0,growth since 2024,0.0,,,5,98.0,48,363.99
20260401001815,2357267,10,436.0,growth since 2025,2.0,,,5,1.0,14,435.98
20260401001815,2049326,11,299.0,growth since 2023,,3.22,3.0,5,,64,298.96
20260401001815,2330653,12,331.0,growth since 2025,,,,,,98,330.87
20260401001815,2339082,13,512.0,growth since 2025,,4.21,8.0,,,100,512.42
20260401001815,2262642,14,,growth since 2021,,3.41,18.0,,,,
20260401001815,2327733,15,631.0,growth since 2025,33.0,4.22,3.0,2,2.0,19,630.85
20260401001815,2280569,16,,growth since 2024,25.0,3.68,26.0,1,91.0,37,2035.93
20260401001815,1988269,17,883.0,growth since 2023,,3.9,13.0,3,69.0,64,840.28
20260401001815,2349513,18,,growth since 2025,16.0,4.0,1.0,1,30.0,24,2885.78
20260401001815,2354737,19,205.0,growth since 2025,,,,1,98.0,54,204.67
20260401001815,2340140,20,654.0,growth since 2025,10.0,,,5,100.0,14,654.07
20260401001815,2331688,21,474.0,growth since 2025,,5.0,1.0,2,,66,473.7
20260401001815,2320956,22,405.0,growth since 2025,7.0,,,4,100.0,24,404.97
20260401001815,2307342,23,566.0,growth since 2024,6.0,,,4,100.0,41,565.7
20260401001815,2271402,24,,growth since 2021,,2.61,28.0,,,,
20260401001815,2362297,25,,growth since 2025,,,,4,30.0,59,1289.57
20260401001815,2362085,26,493.0,growth since 2024,1.0,,,3,98.0,46,493.35
20260401001815,2361936,27,954.0,growth since 2025,0.0,,,4,97.0,35,953.52
20260401001815,2362856,28,955.0,growth since 2024,0.0,,,3,98.0,33,955.45
20260401001815,2362201,29,384.0,growth since 2025,,,,3,93.0,62,383.66
20260401001815,2361967,30,,growth since 2024,0.0,,,5,99.0,43,1011.25
20260401001815,2361964,31,162.0,growth since 2025,0.0,,,2,89.0,23,161.71
20260401001815,2362458,32,153.0,growth since 2022,,,,,,100,152.65
20260401001815,2361942,33,141.0,growth since 2025,0.0,,,3,99.0,18,141.44
20260401001815,2362286,34,145.0,growth since 2025,,,,4,,72,144.55
20260401001815,2362136,35,111.0,growth since 2025,0.0,,,4,98.0,31,110.92
20260401001815,2204998,36,923.0,growth since 2022,,4.67,2.0,4,,73,923.26
20260401001815,2356441,37,888.0,growth since 2025,,,,3,85.0,58,888.12
20260401001815,2310230,38,,growth since 2025,0.0,,,1,48.0,25,1057.68
20260401001815,1521998,39,,growth since 2022,,,,,,93,2898.59
20260401001815,1560883,40,774.0,growth since 2021,,2.83,6.0,,,,
20260401001815,1059619,41,,growth since 2021,,,,,,,
20260401001815,884935,42,563.0,growth since 2020,,5.0,1.0,,,,
20260401001815,2300694,43,,growth since 2022,,,,1,,73,1395.01
20260401001815,2329641,44,632.0,growth since 2025,1.0,,,2,96.0,18,631.87
20260401001815,2222743,45,,growth since 2024,,4.67,1.0,2,83.0,55,2075.91
20260401001815,2355365,46,380.0,growth since 2023,,5.0,1.0,3,,68,380.36
20260401001815,2326895,47,314.0,growth since 2025,0.0,,,4,99.0,17,313.83
20260401001815,2231030,48,880.0,growth since 2024,19.0,0.33,1.0,2,95.0,45,857.99
20260401001815,2302162,49,,growth since 2025,0.0,,,5,28.0,28,20407.73
20260501173452,2326263,1,,growth since 2025,1.0,,,5,0.0,26,2564.26
20260501173452,2265877,2,219.0,growth since 2024,66.0,2.8,10.0,5,99.0,40,218.71
20260501173452,2354737,3,219.0,growth since 2025,,2.89,3.0,5,,66,219.0
20260501173452,2357267,4,688.0,growth since 2025,6.0,5.0,1.0,5,3.0,16,687.53
20260501173452,2346510,5,,growth since 2025,,,,5,92.0,62,1340.55
20260501173452,2340140,6,488.0,growth since 2025,3.0,,,5,100.0,16,488.03
20260501173452,2351061,7,426.0,growth since 2023,,,,5,96.0,60,425.62
20260501173452,2337989,8,423.0,growth since 2025,,,,5,14.0,60,423.0
20260501173452,2366548,9,48.0,growth since 2026,9.0,,,5,100.0,34,47.8
20260501173452,2366376,10,894.0,growth since 2025,0.0,,,5,96.0,18,893.76
20260501173452,2335965,11,373.0,growth since 2025,,1.0,1.0,,,87,372.55
20260501173452,2364206,12,348.0,growth since 2025,,,,5,,74,347.93
20260501173452,2339082,13,549.0,growth since 2025,103.0,3.89,12.0,4,99.0,26,548.7
20260501173452,2262642,14,,growth since 2021,,3.33,19.0,,,,
20260501173452,2280569,15,,growth since 2024,41.0,3.68,26.0,1,91.0,39,2732.88
20260501173452,2304847,16,,growth since 2024,35.0,3.0,3.0,1,96.0,39,12161.19
20260501173452,2320956,17,362.0,growth since 2025,12.0,,,4,100.0,26,361.59
20260501173452,2350766,18,115.0,growth since 2025,,,,4,0.0,58,115.41
20260501173452,2327733,19,642.0,growth since 2025,9.0,3.5,4.0,2,2.0,21,641.9
20260501173452,2360610,20,36.0,growth since 2026,,,,5,99.0,54,35.68
20260501173452,2319444,21,420.0,growth since 2025,6.0,,,4,86.0,23,420.0
20260501173452,2370716,22,,,,,,,,,
20260501173452,2271402,23,,growth since 2021,,2.61,28.0,,,,
20260501173452,2310230,24,,growth since 2025,4.0,,,3,48.0,27,1362.46
20260501173452,2366954,25,631.0,growth since 2025,0.0,,,1,66.0,34,631.01
20260501173452,2367606,26,,growth since 2025,,,,,,,
20260501173452,2367701,27,401.0,growth since 2025,4.0,,,2,87.0,17,400.59
20260501173452,2367733,28,,growth since 2025,6.0,3.0,2.0,2,96.0,26,4602.65
20260501173452,2368058,29,496.0,growth since 2026,,,,3,87.0,60,496.31
20260501173452,2367549,30,412.0,growth since 2026,,,,1,0.0,59,411.85
20260501173452,2367354,31,244.0,growth since 2026,,,,1,93.0,60,243.59
20260501173452,2367591,32,228.0,growth since 2026,0.0,,,5,98.0,30,228.3
20260501173452,2368681,33,370.0,growth since 2025,0.0,,,4,0.0,26,370.42
20260501173452,2368908,34,257.0,growth since 2025,0.0,,,2,95.0,33,257.15
20260501173452,2367105,35,115.0,growth since 2026,,,,4,0.0,66,114.7
20260501173452,2300694,36,,growth since 2022,,,,1,,75,1741.2
20260501173452,2356441,37,965.0,growth since 2025,,,,3,,71,965.38
20260501173452,2204998,38,936.0,growth since 2022,,4.67,2.0,4,,75,935.99
20260501173452,1521998,39,,growth since 2022,,,,,,95,2863.34
20260501173452,2349913,40,628.0,growth since 2025,0.0,,,1,88.0,23,627.83
20260501173452,2307342,41,462.0,growth since 2024,2.0,2.0,1.0,3,100.0,43,461.78
20260501173452,2329641,42,575.0,growth since 2025,1.0,,,2,96.0,20,575.34
20260501173452,2351091,43,539.0,growth since 2026,,,,3,98.0,48,538.74
20260501173452,1988269,44,,growth since 2023,,3.9,13.0,3,,67,1001.56
20260501173452,2231030,45,972.0,growth since 2024,,0.5,2.0,2,96.0,48,971.9
20260501173452,2302162,46,,growth since 2025,0.0,,,5,27.0,30,22344.96
20260602010730,2329290,1,377.0,growth since 2025,,5.0,1.0,,,91,376.91
20260602010730,2265877,2,237.0,growth since 2024,44.0,2.8,10.0,5,99.0,42,236.52
20260602010730,2302162,3,,growth since 2025,1.0,,,5,26.0,33,20951.53
20260602010730,2351091,4,889.0,growth since 2026,,1.0,1.0,5,98.0,58,889.12
20260602010730,2366548,5,64.0,growth since 2026,,2.08,4.0,5,100.0,49,63.59
20260602010730,2340140,6,489.0,growth since 2025,1.0,,,5,100.0,18,488.9
20260602010730,2351061,7,332.0,growth since 2023,,,,5,96.0,62,331.66
20260602010730,2337490,8,323.0,growth since 2025,0.0,,,5,98.0,30,322.68
20260602010730,2365584,9,313.0,growth since 2026,,,,5,,68,313.26
20260602010730,2366376,10,706.0,growth since 2025,0.0,,,5,96.0,20,705.98
20260602010730,2359404,11,299.0,growth since 2026,,2.67,2.0,5,,80,298.73
20260602010730,2049326,12,278.0,growth since 2023,,3.22,3.0,5,,67,277.8
20260602010730,2339082,13,604.0,growth since 2025,93.0,3.83,14.0,4,99.0,28,604.36
20260602010730,2262642,14,,growth since 2021,,3.22,20.0,,,,
20260602010730,2350766,15,157.0,growth since 2025,,5.0,2.0,4,,68,157.3
20260602010730,2304847,16,,growth since 2024,35.0,2.6,5.0,2,96.0,42,14995.85
20260602010730,2280569,17,,growth since 2024,34.0,3.63,27.0,1,91.0,41,2926.33
20260602010730,2360610,18,-61.0,growth since 2026,,,,,99.0,72,-60.85
20260602010730,2348158,19,591.0,growth since 2025,,2.11,3.0,2,98.0,64,591.08
20260602010730,2367701,20,470.0,growth since 2025,8.0,5.0,2.0,1,87.0,19,469.94
20260602010730,1560883,21,807.0,growth since 2021,,2.83,6.0,,,,
20260602010730,2343251,22,,growth since 2024,,1.78,3.0,3,0.0,54,9446.57
20260602010730,2271402,23,,growth since 2021,,2.61,28.0,,,,
20260602010730,2300694,24,,growth since 2022,,,,1,,77,1836.82
20260602010730,2367733,25,,growth since 2025,1.0,2.0,4.0,3,94.0,28,4610.99
20260602010730,2375343,26,,growth since 2025,,,,4,,75,2841.87
20260602010730,2371777,27,241.0,growth since 2026,,4.33,1.0,1,77.0,52,240.99
20260602010730,2372229,28,169.0,growth since 2025,0.0,,,3,98.0,18,168.74
20260602010730,2373761,29,198.0,growth since 2024,0.0,,,1,5.0,37,198.27
20260602010730,2372134,30,139.0,growth since 2026,,,,3,,65,139.05
20260602010730,2372635,31,123.0,growth since 2025,0.0,,,3,99.0,22,123.27
20260602010730,2372630,32,90.0,growth since 2025,0.0,,,1,92.0,31,90.35
20260602010730,2371329,33,257.0,growth since 2026,,,,2,97.0,49,256.99
20260602010730,2371780,34,258.0,growth since 2026,,,,1,,68,257.92
20260602010730,2372528,35,94.0,growth since 2026,0.0,,,3,92.0,27,94.26
20260602010730,2372064,36,72.0,growth since 2026,0.0,,,1,9.0,19,72.19
20260602010730,2372937,37,86.0,growth since 2025,0.0,,,5,100.0,46,86.11
20260602010730,2310230,38,,growth since 2025,4.0,,,3,49.0,29,1674.24
20260602010730,2204998,39,858.0,growth since 2022,,4.67,2.0,4,,78,857.63
20260602010730,2367606,40,,growth since 2025,1.0,,,1,0.0,29,1834.36
20260602010730,1521998,41,,growth since 2022,,,,,,97,2472.0
20260602010730,2349913,42,757.0,growth since 2025,0.0,,,1,88.0,25,757.27
20260602010730,2337663,43,678.0,growth since 2025,0.0,,,3,88.0,22,677.55
20260602010730,2307342,44,518.0,growth since 2024,1.0,2.0,1.0,4,100.0,45,518.49
20260602010730,2309024,45,684.0,growth since 2025,0.0,2.11,3.0,2,26.0,29,668.88
20260602010730,2326895,46,429.0,growth since 2025,0.0,,,4,99.0,22,428.95
20260602010730,2222743,47,,growth since 2024,,4.67,1.0,2,83.0,61,2505.15
20260602010730,1988269,48,,growth since 2023,,3.9,13.0,3,,69,1015.72
20260602010730,2231030,49,,growth since 2024,,0.5,2.0,2,96.0,50,1050.71
20260701155715,2329290,1,417.0,growth since 2025,46.0,3.5,4.0,5,98.0,23,416.91
20260701155715,2265877,2,271.0,growth since 2024,46.0,2.8,10.0,5,99.0,44,270.96
20260701155715,2359404,3,442.0,growth since 2026,,2.67,2.0,,,98,441.88
20260701155715,2351091,4,,growth since 2026,,1.0,1.0,5,,68,1200.48
20260701155715,2340140,5,525.0,growth since 2025,0.0,,,5,100.0,20,524.53
20260701155715,2346510,6,,growth since 2025,,,,5,,74,1289.04
20260701155715,2358523,7,481.0,growth since 2026,2.0,,,5,99.0,14,481.05
20260701155715,2351061,8,381.0,growth since 2023,,,,5,95.0,64,380.69
20260701155715,2365584,9,337.0,growth since 2026,,,,,,85,337.28
20260701155715,2337490,10,313.0,growth since 2025,0.0,,,5,98.0,32,313.46
20260701155715,2361280,11,320.0,growth since 2026,,,,5,90.0,51,319.97
20260701155715,2376393,12,800.0,growth since 2026,,,,5,,77,799.99
20260701155715,2339082,13,650.0,growth since 2025,111.0,3.88,17.0,4,99.0,29,641.0
20260701155715,2262642,14,,growth since 2021,,3.22,20.0,,,,
20260701155715,2304847,15,,growth since 2024,41.0,2.6,5.0,2,96.0,44,19104.64
20260701155715,2350766,16,193.0,growth since 2025,,3.0,4.0,4,,78,192.55
20260701155715,2280569,17,,growth since 2024,32.0,3.63,27.0,1,91.0,43,3242.32
20260701155715,2348158,18,803.0,growth since 2025,,2.11,3.0,1,,72,802.64
20260701155715,2366548,19,82.0,growth since 2026,,2.24,7.0,4,,70,81.65
20260701155715,2360610,20,-60.0,growth since 2026,,,,,,85,-60.31
20260701155715,2362201,21,704.0,growth since 2025,,5.0,1.0,,,90,704.4
20260701155715,2367701,22,508.0,growth since 2025,8.0,5.0,2.0,1,86.0,21,508.18
20260701155715,2376231,23,,growth since 2022,,,,2,,68,2740442.0
20260701155715,2375343,24,,growth since 2025,,,,,,90,3109.39
20260701155715,2271402,25,,growth since 2021,,2.61,28.0,,,,
20260701155715,2367733,26,,growth since 2025,0.0,2.0,4.0,1,94.0,29,4696.29
20260701155715,2379208,27,,growth since 2025,1.0,,,2,100.0,37,2446.44
20260701155715,2376950,28,356.0,growth since 2021,,,,,,,
20260701155715,2376794,29,244.0,growth since 2026,,,,,,93,244.14
20260701155715,2376856,30,208.0,growth since 2023,0.0,,,4,84.0,43,207.61
20260701155715,2377042,31,497.0,growth since 2026,,,,1,99.0,51,496.78
20260701155715,2376983,32,332.0,growth since 2025,0.0,,,5,99.0,41,332.39
20260701155715,2376654,33,112.0,growth since 2025,0.0,,,1,97.0,20,112.11
20260701155715,2376049,34,112.0,growth since 2026,0.0,,,5,67.0,38,112.37
20260701155715,2377661,35,149.0,growth since 2024,0.0,,,3,99.0,40,149.36
20260701155715,2378209,36,270.0,growth since 2025,,,,,,98,269.51
20260701155715,2300694,37,,growth since 2022,,4.0,1.0,1,,80,1925.25
20260701155715,2310230,38,,growth since 2025,2.0,,,3,50.0,30,2114.23
20260701155715,2367606,39,,growth since 2025,1.0,,,2,0.0,32,2075.79
20260701155715,2204998,40,973.0,growth since 2022,,4.67,2.0,4,,80,973.49
20260701155715,2307342,41,751.0,growth since 2024,,3.5,2.0,3,100.0,47,751.29
20260701155715,1521998,42,,growth since 2022,,,,,,,
20260701155715,2332746,43,575.0,growth since 2025,1.0,,,3,99.0,24,574.89
20260701155715,2222743,44,,growth since 2024,,4.67,1.0,2,,63,3460.1
20260701155715,2326895,45,462.0,growth since 2025,0.0,,,4,99.0,24,462.32
20260701155715,2368681,46,558.0,growth since 2025,0.0,,,4,0.0,31,558.15
20260701155715,2231030,47,,growth since 2024,,2.0,3.0,2,96.0,52,1153.14
20260701155715,1988269,48,,growth since 2023,,3.9,13.0,3,,71,1077.16
20260701155715,2368526,49,238.0,growth since 2024,22.0,5.0,1.0,3,98.0,42,6294.27
