signal_id,entry_ts,last_seen_ts,L_days,R_days,type
191,20111011093729,20120915035117,339,359,interval
315,20111011093729,20111011093729,0,25,interval
141,20111011093729,20111011093729,0,25,interval
106,20111011093729,20111011093729,0,25,interval
149,20111011093729,20111011093729,0,25,interval
335,20111011093729,20111105235151,25,79,interval
124,20111011093729,20111011093729,0,25,interval
328,20111011093729,20120915035117,339,359,interval
134,20111011093729,20111011093729,0,25,interval
361,20111011093729,20111011093729,0,25,interval
151,20111105235151,20120114012406,69,106,interval
258,20111105235151,20120915035117,314,334,interval
376,20111105235151,20120915035117,314,334,interval
53,20111105235151,20120915035117,314,334,interval
279,20111105235151,20111105235151,0,54,interval
384,20111105235151,20120915035117,314,334,interval
15,20111105235151,20120915035117,314,334,interval
337,20111230085824,20120114012406,14,52,interval
292,20111230085824,20120915035117,259,279,interval
331,20111230085824,20120915035117,259,279,interval
273,20120220091717,20120915035117,207,227,interval
6,20120805222021,20120805222021,0,40,interval
8,20120805222021,20120805222021,0,40,interval
10,20120805222021,20120805222021,0,40,interval
1,20120805222021,20120805222021,0,40,interval
5,20120805222021,20120805222021,0,40,interval
7,20120805222021,20120805222021,0,40,interval
9,20120805222021,20120805222021,0,40,interval
411,20120805222021,20120805222021,0,40,interval
3,20120805222021,20120805222021,0,40,interval
2,20120805222021,20120805222021,0,40,interval
4,20120805222021,20120805222021,0,40,interval
829,20121005032441,20121005032441,0,27,interval
499,20121005032441,20121005032441,0,27,interval
701,20121005032441,20121005032441,0,27,interval
498,20121005032441,20121005032441,0,27,interval
853,20121005032441,20121005032441,0,27,interval
528,20121005032441,20121005032441,0,27,interval
733,20121005032441,20121005032441,0,27,interval
711,20121005032441,20121005032441,0,27,interval
700,20121005032441,20121102022936,27,59,interval
705,20121005032441,20121005032441,0,27,interval
967,20121102022936,20121102022936,0,31,interval
568,20121102022936,20121102022936,0,31,interval
549,20121102022936,20121203192611,31,62,interval
965,20121102022936,20121102022936,0,31,interval
972,20121102022936,20121102022936,0,31,interval
979,20121102022936,20121102022936,0,31,interval
588,20121102022936,20130103065407,62,91,interval
630,20121102022936,20121102022936,0,31,interval
969,20121102022936,20121102022936,0,31,interval
961,20121102022936,20121102022936,0,31,interval
970,20121102022936,20121102022936,0,31,interval
964,20121102022936,20121102022936,0,31,interval
873,20121102022936,20121203192611,31,62,interval
982,20121102022936,20121102022936,0,31,interval
984,20121102022936,20121102022936,0,31,interval
674,20121102022936,20130103065407,62,91,interval
966,20121102022936,20121102022936,0,31,interval
839,20121102022936,20130103065407,62,91,interval
776,20121102022936,20121203192611,31,62,interval
1662,20121203192611,20121203192611,0,30,interval
832,20121203192611,20121203192611,0,30,interval
1079,20121203192611,20121203192611,0,30,interval
1218,20121203192611,20140301093446,452,483,interval
1275,20121203192611,20130103065407,30,60,interval
1808,20121203192611,20121203192611,0,30,interval
777,20121203192611,20121203192611,0,30,interval
462,20121203192611,20121203192611,0,30,interval
1694,20121203192611,20121203192611,0,30,interval
1710,20121203192611,20140203090342,426,452,interval
1788,20121203192611,20130301103949,87,119,interval
687,20121203192611,20121203192611,0,30,interval
1280,20121203192611,20130202005907,60,87,interval
446,20121203192611,20130103065407,30,60,interval
1072,20121203192611,20130103065407,30,60,interval
2065,20130103065407,20130103065407,0,29,interval
745,20130103065407,20130103065407,0,29,interval
650,20130103065407,20130103065407,0,29,interval
1373,20130103065407,20130103065407,0,29,interval
2066,20130103065407,20130103065407,0,29,interval
1380,20130103065407,20130103065407,0,29,interval
2698,20130103065407,20130103065407,0,29,interval
1244,20130103065407,20130103065407,0,29,interval
758,20130103065407,20130103065407,0,29,interval
2063,20130103065407,20130103065407,0,29,interval
2557,20130103065407,20130103065407,0,29,interval
1994,20130103065407,20130103065407,0,29,interval
1953,20130103065407,20130402015315,88,121,interval
3825,20130202005907,20130202005907,0,27,interval
2100,20130202005907,20130202005907,0,27,interval
3408,20130202005907,20130301103949,27,59,interval
3873,20130202005907,20130202005907,0,27,interval
1555,20130202005907,20130202005907,0,27,interval
3310,20130202005907,20130202005907,0,27,interval
3202,20130202005907,20130202005907,0,27,interval
2818,20130202005907,20130402015315,59,92,interval
2338,20130202005907,20130402015315,59,92,interval
1663,20130202005907,20130202005907,0,27,interval
978,20130202005907,20130202005907,0,27,interval
3259,20130202005907,20130202005907,0,27,interval
3599,20130202005907,20130202005907,0,27,interval
3874,20130202005907,20130402015315,59,92,interval
2907,20130202005907,20130202005907,0,27,interval
3242,20130202005907,20130202005907,0,27,interval
1998,20130202005907,20130202005907,0,27,interval
2643,20130202005907,20130202005907,0,27,interval
3081,20130202005907,20130202005907,0,27,interval
4040,20130301103949,20130301103949,0,31,interval
4114,20130301103949,20130402015315,31,64,interval
4207,20130301103949,20130301103949,0,31,interval
4367,20130301103949,20130402015315,31,64,interval
4499,20130301103949,20130402015315,31,64,interval
3448,20130301103949,20130402015315,31,64,interval
4117,20130301103949,20130301103949,0,31,interval
4125,20130301103949,20130301103949,0,31,interval
4072,20130301103949,20130505050937,64,91,interval
4450,20130301103949,20130301103949,0,31,interval
3204,20130301103949,20130301103949,0,31,interval
1858,20130301103949,20130301103949,0,31,interval
3435,20130301103949,20130301103949,0,31,interval
4134,20130301103949,20130703060656,123,156,interval
4318,20130301103949,20130703060656,123,156,interval
5134,20130402015315,20130505050937,33,60,interval
4102,20130402015315,20130402015315,0,33,interval
4054,20130402015315,20130402015315,0,33,interval
4534,20130402015315,20130402015315,0,33,interval
4648,20130402015315,20130402015315,0,33,interval
4115,20130402015315,20131002175312,183,216,interval
3436,20130402015315,20130601031801,60,92,interval
5447,20130402015315,20130402015315,0,33,interval
4363,20130402015315,20130601031801,60,92,interval
5741,20130402015315,20130402015315,0,33,interval
4470,20130505050937,20130703060656,59,91,interval
5355,20130505050937,20130505050937,0,26,interval
3794,20130505050937,20130505050937,0,26,interval
4067,20130505050937,20130703060656,59,91,interval
4052,20130505050937,20140203090342,274,300,interval
3362,20130505050937,20130505050937,0,26,interval
3913,20130505050937,20131104120023,183,216,interval
3626,20130505050937,20130703060656,59,91,interval
4491,20130505050937,20130601031801,26,59,interval
3107,20130505050937,20130601031801,26,59,interval
4617,20130505050937,20130601031801,26,59,interval
3425,20130505050937,20130804182142,91,122,interval
1608,20130505050937,20130703060656,59,91,interval
4704,20130601031801,20130601031801,0,32,interval
2163,20130601031801,20130601031801,0,32,interval
5180,20130601031801,20130601031801,0,32,interval
4486,20130601031801,20130601031801,0,32,interval
5044,20130601031801,20130601031801,0,32,interval
6098,20130601031801,20130601031801,0,32,interval
3963,20130601031801,20140203090342,247,273,interval
5092,20130601031801,20130601031801,0,32,interval
3837,20130601031801,20130601031801,0,32,interval
5588,20130601031801,20130601031801,0,32,interval
6002,20130703060656,20130703060656,0,32,interval
6581,20130703060656,20130703060656,0,32,interval
5477,20130703060656,20130703060656,0,32,interval
6019,20130703060656,20130703060656,0,32,interval
3050,20130703060656,20130703060656,0,32,interval
7456,20130703060656,20130703060656,0,32,interval
931,20130703060656,20130703060656,0,32,interval
2443,20130703060656,20130703060656,0,32,interval
1148,20130703060656,20131207070734,157,184,interval
7008,20130703060656,20130703060656,0,32,interval
1558,20130804182142,20130804182142,0,30,interval
9654,20130804182142,20131002175312,58,91,interval
1698,20130804182142,20140203090342,182,208,interval
11546,20130804182142,20130904075823,30,58,interval
7112,20130804182142,20131002175312,58,91,interval
6417,20130804182142,20131104120023,91,124,interval
10298,20130804182142,20131002175312,58,91,interval
10061,20130804182142,20130904075823,30,58,interval
9394,20130804182142,20130804182142,0,30,interval
7799,20130804182142,20130804182142,0,30,interval
9737,20130804182142,20130804182142,0,30,interval
8902,20130804182142,20130804182142,0,30,interval
11708,20130804182142,20131104120023,91,124,interval
6794,20130804182142,20131002175312,58,91,interval
9390,20130804182142,20130804182142,0,30,interval
11532,20130804182142,20131002175312,58,91,interval
13093,20130904075823,20130904075823,0,28,interval
12394,20130904075823,20131104120023,61,93,interval
6470,20130904075823,20131104120023,61,93,interval
6685,20130904075823,20130904075823,0,28,interval
13095,20130904075823,20130904075823,0,28,interval
10508,20130904075823,20131002175312,28,61,interval
7695,20130904075823,20140904084017,365,392,interval
8061,20131002175312,20131002175312,0,32,interval
10943,20131002175312,20131002175312,0,32,interval
6894,20131002175312,20131002175312,0,32,interval
14778,20131002175312,20131104120023,32,65,interval
13383,20131002175312,20131002175312,0,32,interval
12101,20131002175312,20131104120023,32,65,interval
12417,20131002175312,20131002175312,0,32,interval
12065,20131002175312,20131207070734,65,92,interval
7514,20131104120023,20131104120023,0,32,interval
17182,20131104120023,20131104120023,0,32,interval
14937,20131104120023,20131104120023,0,32,interval
5184,20131104120023,20140401174152,148,178,interval
15456,20131104120023,20131104120023,0,32,interval
6952,20131104120023,20140203090342,90,116,interval
17026,20131104120023,20131104120023,0,32,interval
8492,20131104120023,20140203090342,90,116,interval
11692,20131104120023,20131104120023,0,32,interval
16101,20131104120023,20131104120023,0,32,interval
12319,20131207070734,20140103061845,26,58,interval
21483,20131207070734,20131207070734,0,26,interval
20312,20131207070734,20131207070734,0,26,interval
19385,20131207070734,20131207070734,0,26,interval
1074,20131207070734,20140103061845,26,58,interval
14263,20131207070734,20131207070734,0,26,interval
12026,20131207070734,20131207070734,0,26,interval
17330,20131207070734,20131207070734,0,26,interval
6505,20131207070734,20140103061845,26,58,interval
18219,20131207070734,20140103061845,26,58,interval
16989,20131207070734,20140103061845,26,58,interval
18823,20131207070734,20131207070734,0,26,interval
21486,20131207070734,20131207070734,0,26,interval
1433,20131207070734,20131207070734,0,26,interval
18326,20131207070734,20140802080655,238,271,interval
19294,20131207070734,20131207070734,0,26,interval
22016,20140103061845,20140103061845,0,31,interval
12266,20140103061845,20140401174152,88,118,interval
22926,20140103061845,20140103061845,0,31,interval
17659,20140103061845,20140103061845,0,31,interval
13280,20140103061845,20140103061845,0,31,interval
22977,20140103061845,20140103061845,0,31,interval
22803,20140103061845,20140103061845,0,31,interval
21767,20140103061845,20140103061845,0,31,interval
18283,20140103061845,20140103061845,0,31,interval
18672,20140103061845,20140103061845,0,31,interval
18187,20140103061845,20140601062757,149,179,interval
19304,20140103061845,20140103061845,0,31,interval
23942,20140103061845,20140103061845,0,31,interval
18729,20140203090342,20140301093446,26,57,interval
21651,20140203090342,20140203090342,0,26,interval
17275,20140203090342,20140203090342,0,26,interval
6476,20140203090342,20140203090342,0,26,interval
4767,20140203090342,20141102050410,271,301,interval
6290,20140203090342,20140203090342,0,26,interval
23230,20140203090342,20140203090342,0,26,interval
20270,20140203090342,20140203090342,0,26,interval
4963,20140203090342,20140203090342,0,26,interval
1199,20140203090342,20150309232109,399,427,interval
7392,20140203090342,20140301093446,26,57,interval
6463,20140203090342,20140203090342,0,26,interval
21440,20140301093446,20140301093446,0,31,interval
24723,20140301093446,20140502054201,61,91,interval
11939,20140301093446,20140301093446,0,31,interval
25221,20140301093446,20141001222037,214,245,interval
28622,20140301093446,20140502054201,61,91,interval
19138,20140301093446,20140701063622,121,153,interval
29603,20140301093446,20140502054201,61,91,interval
25409,20140301093446,20141102050410,245,275,interval
30745,20140301093446,20140802080655,153,186,interval
21420,20140301093446,20140502054201,61,91,interval
15252,20140301093446,20140301093446,0,31,interval
28514,20140301093446,20140904084017,186,214,interval
14355,20140301093446,20140601062757,91,121,interval
29466,20140401174152,20141202081252,244,276,interval
26082,20140401174152,20140701063622,90,122,interval
23466,20140401174152,20140502054201,30,60,interval
25661,20140401174152,20140802080655,122,155,interval
31010,20140401174152,20140502054201,30,60,interval
34358,20140401174152,20140701063622,90,122,interval
30483,20140401174152,20160303093231,701,734,interval
34163,20140502054201,20140502054201,0,30,interval
33258,20140502054201,20140601062757,30,60,interval
35235,20140502054201,20140802080655,92,125,interval
38342,20140601062757,20140802080655,62,95,interval
34580,20140601062757,20140802080655,62,95,interval
32636,20140601062757,20140802080655,62,95,interval
40279,20140601062757,20140601062757,0,30,interval
27984,20140601062757,20140701063622,30,62,interval
38331,20140601062757,20140904084017,95,122,interval
31125,20140701063622,20140701063622,0,32,interval
35091,20140701063622,20140904084017,65,92,interval
35247,20140701063622,20141202081252,154,185,interval
39188,20140701063622,20140701063622,0,32,interval
32488,20140701063622,20140802080655,32,65,interval
45973,20140701063622,20140701063622,0,32,interval
45624,20140802080655,20140802080655,0,33,interval
27833,20140802080655,20140802080655,0,33,interval
49155,20140802080655,20140802080655,0,33,interval
46493,20140802080655,20141001222037,60,91,interval
32464,20140802080655,20140802080655,0,33,interval
48553,20140802080655,20140802080655,0,33,interval
31302,20140802080655,20140802080655,0,33,interval
45214,20140802080655,20160303093231,579,611,interval
49843,20140904084017,20150103043453,120,186,interval
54924,20140904084017,20141001222037,27,58,interval
50658,20140904084017,20140904084017,0,27,interval
55055,20140904084017,20141001222037,27,58,interval
48692,20140904084017,20141001222037,27,58,interval
39108,20140904084017,20151202051050,453,489,interval
50126,20140904084017,20141001222037,27,58,interval
53558,20140904084017,20150407035108,214,264,interval
13423,20141001222037,20141202081252,61,93,interval
6922,20141001222037,20150103043453,93,159,interval
58927,20141001222037,20141001222037,0,31,interval
40328,20141001222037,20141001222037,0,31,interval
59200,20141001222037,20141001222037,0,31,interval
35539,20141001222037,20141202081252,61,93,interval
41351,20141102050410,20141102050410,0,30,interval
59382,20141102050410,20141102050410,0,30,interval
53556,20141102050410,20150103043453,61,127,interval
60895,20141102050410,20141102050410,0,30,interval
40847,20141102050410,20141102050410,0,30,interval
50603,20141102050410,20141102050410,0,30,interval
59224,20141102050410,20141102050410,0,30,interval
58419,20141102050410,20141202081252,30,61,interval
35828,20141102050410,20150407035108,155,205,interval
65126,20141202081252,20150103043453,31,97,interval
59731,20141202081252,20150407035108,125,175,interval
47702,20141202081252,20150103043453,31,97,interval
58507,20141202081252,20150407035108,125,175,interval
55459,20141202081252,20150407035108,125,175,interval
66733,20141202081252,20141202081252,0,31,interval
39693,20141202081252,20141202081252,0,31,interval
23394,20141202081252,20141202081252,0,31,interval
70356,20141202081252,20150103043453,31,97,interval
59858,20150103043453,20150103043453,0,65,interval
73528,20150103043453,20150103043453,0,65,interval
35825,20150103043453,20150103043453,0,65,interval
50429,20150103043453,20150103043453,0,65,interval
63347,20150103043453,20150103043453,0,65,interval
67007,20150103043453,20150103043453,0,65,interval
56880,20150103043453,20150713140249,191,222,interval
74132,20150103043453,20150103043453,0,65,interval
82379,20150309232109,20150309232109,0,28,interval
74295,20150309232109,20150407035108,28,77,interval
67087,20150309232109,20150309232109,0,28,interval
70562,20150309232109,20150309232109,0,28,interval
54216,20150309232109,20150813225450,156,219,interval
84051,20150309232109,20150407035108,28,77,interval
87772,20150309232109,20150526183921,77,84,interval
74747,20150309232109,20150407035108,28,77,interval
85278,20150309232109,20150526183921,77,84,interval
62134,20150309232109,20150602194514,84,125,interval
70167,20150309232109,20150602194514,84,125,interval
63694,20150309232109,20150309232109,0,28,interval
86676,20150309232109,20150309232109,0,28,interval
77276,20150407035108,20150407035108,0,49,interval
88671,20150407035108,20150407035108,0,49,interval
70534,20150407035108,20150713140249,97,128,interval
88633,20150407035108,20150407035108,0,49,interval
89949,20150407035108,20150407035108,0,49,interval
79698,20150407035108,20150407035108,0,49,interval
21249,20150407035108,20160902103727,514,549,interval
89785,20150407035108,20150407035108,0,49,interval
103048,20150526183921,20150602194514,7,47,interval
106442,20150526183921,20150602194514,7,47,interval
80927,20150526183921,20150602194514,7,47,interval
91680,20150526183921,20150602194514,7,47,interval
100156,20150526183921,20150713140249,47,79,interval
87867,20150526183921,20150602194514,7,47,interval
83960,20150526183921,20150526183921,0,7,interval
88661,20150526183921,20150526183921,0,7,interval
59826,20150526183921,20150602194514,7,47,interval
98749,20150526183921,20150602194514,7,47,interval
42850,20150526183921,20160902103727,464,500,interval
103161,20150602194514,20160602045928,365,401,interval
109713,20150602194514,20150602194514,0,40,interval
106560,20150602194514,20150602194514,0,40,interval
101667,20150602194514,20160708103825,401,434,interval
74251,20150602194514,20170301003003,637,672,interval
111014,20150713140249,20150713140249,0,31,interval
89872,20150713140249,20150813225450,31,94,interval
107660,20150713140249,20150713140249,0,31,interval
104580,20150713140249,20160204001047,205,233,interval
107493,20150713140249,20150713140249,0,31,interval
55419,20150713140249,20151015191850,94,115,interval
114613,20150713140249,20150813225450,31,94,interval
77496,20150713140249,20150713140249,0,31,interval
106050,20150713140249,20160505031323,296,324,interval
101817,20150713140249,20150713140249,0,31,interval
107938,20150713140249,20150813225450,31,94,interval
96466,20150813225450,20150813225450,0,62,interval
123029,20150813225450,20150813225450,0,62,interval
113251,20150813225450,20150813225450,0,62,interval
87865,20150813225450,20151106022912,84,110,interval
80463,20150813225450,20160303093231,202,235,interval
123218,20150813225450,20150813225450,0,62,interval
111955,20150813225450,20150813225450,0,62,interval
74480,20150813225450,20160708103825,329,362,interval
45686,20150813225450,20150813225450,0,62,interval
113089,20150813225450,20150813225450,0,62,interval
122054,20150813225450,20150813225450,0,62,interval
104292,20151015191850,20151106022912,21,47,interval
126288,20151015191850,20160303093231,139,172,interval
134719,20151015191850,20151202051050,47,82,interval
67938,20151015191850,20151015191850,0,21,interval
137604,20151015191850,20151015191850,0,21,interval
92477,20151015191850,20151202051050,47,82,interval
127718,20151015191850,20151015191850,0,21,interval
112857,20151015191850,20151015191850,0,21,interval
120181,20151015191850,20151015191850,0,21,interval
125799,20151015191850,20160106152141,82,111,interval
93913,20151015191850,20151015191850,0,21,interval
124603,20151015191850,20151015191850,0,21,interval
112867,20151106022912,20151106022912,0,26,interval
119240,20151106022912,20151106022912,0,26,interval
122417,20151106022912,20160106152141,61,89,interval
115181,20151106022912,20151106022912,0,26,interval
128737,20151106022912,20151202051050,26,61,interval
129499,20151106022912,20151106022912,0,26,interval
69013,20151202051050,20151202051050,0,35,interval
132702,20151202051050,20160106152141,35,63,interval
112402,20151202051050,20151202051050,0,35,interval
138935,20151202051050,20160303093231,92,124,interval
112960,20151202051050,20151202051050,0,35,interval
112197,20160106152141,20160106152141,0,28,interval
70542,20160106152141,20160106152141,0,28,interval
142893,20160106152141,20160405005609,89,119,interval
140861,20160106152141,20160204001047,28,56,interval
114203,20160106152141,20160106152141,0,28,interval
137347,20160106152141,20160106152141,0,28,interval
136853,20160204001047,20160204001047,0,28,interval
116655,20160204001047,20160204001047,0,28,interval
116151,20160204001047,20160303093231,28,61,interval
129429,20160204001047,20160405005609,61,91,interval
139799,20160204001047,20160204001047,0,28,interval
126290,20160204001047,20170405022722,426,459,interval
129751,20160204001047,20160303093231,28,61,interval
121113,20160204001047,20160505031323,91,119,interval
150482,20160204001047,20160505031323,91,119,interval
122149,20160303093231,20160505031323,62,90,interval
48366,20160303093231,20170207224954,341,362,interval
157352,20160303093231,20160505031323,62,90,interval
84685,20160303093231,20160902103727,183,218,interval
131831,20160303093231,20160303093231,0,32,interval
161307,20160303093231,20160708103825,127,159,interval
153559,20160303093231,20160602045928,90,127,interval
141046,20160303093231,20160505031323,62,90,interval
154026,20160405005609,20160405005609,0,30,interval
177477,20160405005609,20160902103727,150,185,interval
152650,20160405005609,20160405005609,0,30,interval
70139,20160405005609,20160602045928,58,94,interval
165324,20160405005609,20160902103727,150,185,interval
165035,20160405005609,20160405005609,0,30,interval
131988,20160405005609,20160405005609,0,30,interval
172150,20160505031323,20160708103825,64,97,interval
181438,20160505031323,20170301003003,299,334,interval
143987,20160505031323,20161107220510,186,211,interval
176241,20160505031323,20160708103825,64,97,interval
179725,20160602045928,20160810075223,69,92,interval
185987,20160602045928,20170704203906,397,452,interval
194242,20160602045928,20161107220510,158,183,interval
189433,20160602045928,20160902103727,92,127,interval
193418,20160602045928,20160708103825,36,69,interval
180085,20160602045928,20160708103825,36,69,interval
169648,20160602045928,20160602045928,0,36,interval
178619,20160708103825,20170508174357,304,334,interval
201897,20160708103825,20160708103825,0,32,interval
190149,20160708103825,20160708103825,0,32,interval
39504,20160708103825,20160708103825,0,32,interval
191929,20160708103825,20160902103727,55,91,interval
205029,20160810075223,20160810075223,0,23,interval
129797,20160810075223,20170608083142,302,328,interval
203863,20160810075223,20160810075223,0,23,interval
141750,20160810075223,20171003222127,419,702,interval
136110,20160810075223,20160902103727,23,58,interval
207112,20160810075223,20161203025632,114,147,interval
179671,20160810075223,20161007213400,58,89,interval
165041,20160810075223,20161107220510,89,114,interval
184731,20160810075223,20160902103727,23,58,interval
214334,20160810075223,20160810075223,0,23,interval
204893,20160902103727,20161007213400,35,66,interval
173172,20160902103727,20160902103727,0,35,interval
205845,20160902103727,20160902103727,0,35,interval
204344,20160902103727,20161107220510,66,91,interval
137898,20161007213400,20170608083142,243,269,interval
202842,20161007213400,20170105032527,89,123,interval
228469,20161007213400,20161007213400,0,31,interval
225456,20161007213400,20161107220510,31,56,interval
204460,20161007213400,20161007213400,0,31,interval
207626,20161007213400,20170207224954,123,144,interval
189778,20161007213400,20170301003003,144,179,interval
222672,20161007213400,20161107220510,31,56,interval
186161,20161107220510,20161203025632,25,58,interval
129369,20161107220510,20170405022722,148,181,interval
227118,20161107220510,20161107220510,0,25,interval
223028,20161107220510,20161107220510,0,25,interval
159808,20161107220510,20161203025632,25,58,interval
209242,20161107220510,20161203025632,25,58,interval
187462,20161107220510,20161107220510,0,25,interval
230620,20161203025632,20161203025632,0,33,interval
218257,20161203025632,20161203025632,0,33,interval
149724,20161203025632,20171003222127,304,587,interval
218911,20161203025632,20170704203906,213,268,interval
197514,20161203025632,20170105032527,33,66,interval
176196,20161203025632,20170207224954,66,87,interval
215096,20170105032527,20170105032527,0,33,interval
217068,20170105032527,20170906075539,244,271,interval
236071,20170105032527,20170508174357,123,154,interval
178686,20170105032527,20170906075539,244,271,interval
122066,20170105032527,20170207224954,33,54,interval
241798,20170207224954,20170301003003,21,56,interval
198688,20170207224954,20171003222127,237,520,interval
255989,20170207224954,20170508174357,89,120,interval
252114,20170207224954,20170508174357,89,120,interval
247400,20170207224954,20171003222127,237,520,interval
216531,20170301003003,20170301003003,0,35,interval
239981,20170301003003,20171003222127,216,499,interval
253505,20170301003003,20170508174357,68,99,interval
257977,20170301003003,20170508174357,68,99,interval
219392,20170301003003,20170508174357,68,99,interval
249695,20170301003003,20170301003003,0,35,interval
245281,20170405022722,20170405022722,0,33,interval
263484,20170405022722,20170405022722,0,33,interval
274582,20170405022722,20170608083142,64,90,interval
250456,20170405022722,20170608083142,64,90,interval
241533,20170405022722,20170405022722,0,33,interval
264907,20170508174357,20170508174357,0,30,interval
237371,20170508174357,20170608083142,30,57,interval
210220,20170508174357,20170508174357,0,30,interval
269995,20170508174357,20170608083142,30,57,interval
278037,20170508174357,20171003222127,148,431,interval
280543,20170508174357,20170906075539,120,148,interval
225258,20170608083142,20170608083142,0,26,interval
288497,20170608083142,20170608083142,0,26,interval
269584,20170608083142,20170608083142,0,26,interval
226644,20170608083142,20171003222127,117,400,interval
289272,20170608083142,20170704203906,26,81,interval
292233,20170608083142,20170608083142,0,26,interval
273946,20170608083142,20170608083142,0,26,interval
316698,20170704203906,20170704203906,0,55,interval
316639,20170704203906,20170704203906,0,55,interval
318080,20170704203906,20170704203906,0,55,interval
319563,20170704203906,20170704203906,0,55,interval
236584,20170704203906,20170704203906,0,55,interval
317938,20170704203906,20170704203906,0,55,interval
313251,20170704203906,20170704203906,0,55,interval
318065,20170704203906,20170704203906,0,55,interval
267606,20170704203906,20170704203906,0,55,interval
313750,20170704203906,20170704203906,0,55,interval
290151,20170704203906,20170906075539,63,91,interval
317009,20170704203906,20170704203906,0,55,interval
316328,20170704203906,20170704203906,0,55,interval
302229,20170704203906,20170906075539,63,91,interval
221827,20170704203906,20170704203906,0,55,interval
318522,20170704203906,20181009041204,461,503,interval
318358,20170704203906,20170704203906,0,55,interval
243624,20170704203906,20171003222127,91,373,interval
218912,20170704203906,20170906075539,63,91,interval
223737,20170704203906,20180903190932,425,461,interval
336012,20170828215545,20171003222127,36,318,interval
334608,20170828215545,20170906075539,8,36,interval
334514,20170828215545,20170828215545,0,8,interval
322051,20170828215545,20171003222127,36,318,interval
337964,20170828215545,20170828215545,0,8,interval
313132,20170828215545,20170906075539,8,36,interval
308200,20170828215545,20190902014642,734,769,interval
309262,20170828215545,20170828215545,0,8,interval
259352,20170828215545,20171003222127,36,318,interval
336984,20170828215545,20170828215545,0,8,interval
336310,20170828215545,20170828215545,0,8,interval
307917,20170828215545,20170828215545,0,8,interval
154781,20170828215545,20171003222127,36,318,interval
223758,20170828215545,20181009041204,406,448,interval
231929,20170828215545,20170906075539,8,36,interval
334102,20170828215545,20170828215545,0,8,interval
335954,20170828215545,20170906075539,8,36,interval
337646,20170828215545,20170828215545,0,8,interval
335068,20170828215545,20170906075539,8,36,interval
338499,20170906075539,20170906075539,0,27,interval
335961,20170906075539,20170906075539,0,27,interval
339422,20170906075539,20170906075539,0,27,interval
285218,20170906075539,20171003222127,27,310,interval
336176,20170906075539,20170906075539,0,27,interval
339363,20170906075539,20170906075539,0,27,interval
336688,20170906075539,20170906075539,0,27,interval
347820,20171003222127,20171003222127,0,282,interval
346009,20171003222127,20171003222127,0,282,interval
326426,20171003222127,20171003222127,0,282,interval
348116,20171003222127,20171003222127,0,282,interval
347283,20171003222127,20190106183346,459,486,interval
347225,20171003222127,20171003222127,0,282,interval
347238,20171003222127,20171003222127,0,282,interval
340755,20171003222127,20171003222127,0,282,interval
348617,20171003222127,20171003222127,0,282,interval
345791,20171003222127,20171003222127,0,282,interval
310623,20171003222127,20171003222127,0,282,interval
328938,20171003222127,20171003222127,0,282,interval
346077,20171003222127,20171003222127,0,282,interval
350683,20171003222127,20171003222127,0,282,interval
286171,20171003222127,20171003222127,0,282,interval
340464,20180713184413,20190302191238,232,261,interval
424909,20180713184413,20180713184413,0,28,interval
420708,20180713184413,20180713184413,0,28,interval
405821,20180713184413,20180903190932,52,87,interval
359383,20180713184413,20180713184413,0,28,interval
415765,20180713184413,20180811183210,28,52,interval
435216,20180713184413,20180713184413,0,28,interval
434420,20180713184413,20180811183210,28,52,interval
410467,20180713184413,20181009041204,87,130,interval
439632,20180713184413,20180713184413,0,28,interval
313294,20180713184413,20180713184413,0,28,interval
398280,20180713184413,20190202174450,203,232,interval
440043,20180713184413,20180713184413,0,28,interval
444643,20180713184413,20180811183210,28,52,interval
373135,20180713184413,20191104162049,478,509,interval
430998,20180713184413,20181202160427,141,176,interval
341952,20180713184413,20200605225618,693,784,interval
303077,20180713184413,20181009041204,87,130,interval
428061,20180713184413,20180713184413,0,28,interval
442937,20180713184413,20180713184413,0,28,interval
444606,20180713184413,20180713184413,0,28,interval
442832,20180713184413,20180713184413,0,28,interval
345799,20180713184413,20190804235801,387,415,interval
440579,20180713184413,20180713184413,0,28,interval
441148,20180713184413,20180713184413,0,28,interval
343265,20180713184413,20200605225618,693,784,interval
377775,20180713184413,20220117182654,1283,1488,interval
382130,20180713184413,20180713184413,0,28,interval
347572,20180713184413,20180811183210,28,52,interval
439262,20180713184413,20181202160427,141,176,interval
442634,20180713184413,20180713184413,0,28,interval
427657,20180713184413,20180713184413,0,28,interval
442273,20180713184413,20191204224816,509,540,interval
344551,20180713184413,20180903190932,52,87,interval
442988,20180713184413,20180713184413,0,28,interval
306532,20180713184413,20190202174450,203,232,interval
400751,20180713184413,20181202160427,141,176,interval
434519,20180713184413,20190401142537,261,294,interval
353044,20180713184413,20190106183346,176,203,interval
442781,20180713184413,20180713184413,0,28,interval
450242,20180811183210,20180811183210,0,23,interval
453470,20180811183210,20181202160427,112,148,interval
435960,20180811183210,20210101053654,873,905,interval
452008,20180811183210,20180811183210,0,23,interval
444776,20180811183210,20181009041204,58,101,interval
452431,20180811183210,20180811183210,0,23,interval
456071,20180811183210,20180903190932,23,58,interval
459009,20180811183210,20180811183210,0,23,interval
448435,20180811183210,20180811183210,0,23,interval
452834,20180811183210,20181202160427,112,148,interval
454166,20180811183210,20180811183210,0,23,interval
426487,20180811183210,20191007040048,421,449,interval
226380,20180811183210,20180811183210,0,23,interval
432653,20180811183210,20180903190932,23,58,interval
428585,20180811183210,20180811183210,0,23,interval
434547,20180811183210,20180811183210,0,23,interval
453888,20180811183210,20180811183210,0,23,interval
442579,20180811183210,20181009041204,58,101,interval
451435,20180811183210,20180811183210,0,23,interval
450015,20180811183210,20190902014642,386,421,interval
441664,20180811183210,20180811183210,0,23,interval
458565,20180811183210,20180811183210,0,23,interval
455349,20180811183210,20180811183210,0,23,interval
446572,20180903190932,20190804235801,335,363,interval
459800,20180903190932,20181009041204,35,78,interval
437713,20180903190932,20180903190932,0,35,interval
434895,20180903190932,20181009041204,35,78,interval
467866,20180903190932,20180903190932,0,35,interval
428282,20180903190932,20191104162049,426,457,interval
460444,20180903190932,20180903190932,0,35,interval
437504,20180903190932,20181202160427,89,124,interval
436863,20180903190932,20180903190932,0,35,interval
460148,20180903190932,20180903190932,0,35,interval
464821,20180903190932,20180903190932,0,35,interval
462148,20180903190932,20180903190932,0,35,interval
418220,20180903190932,20180903190932,0,35,interval
461393,20180903190932,20180903190932,0,35,interval
464571,20180903190932,20180903190932,0,35,interval
459635,20180903190932,20180903190932,0,35,interval
408020,20180903190932,20190504175924,242,270,interval
413593,20180903190932,20180903190932,0,35,interval
467102,20180903190932,20190106183346,124,151,interval
381159,20180903190932,20201006183529,763,792,interval
465765,20180903190932,20180903190932,0,35,interval
475088,20181009041204,20181009041204,0,42,interval
477897,20181009041204,20181009041204,0,42,interval
467449,20181009041204,20190106183346,89,116,interval
476340,20181009041204,20181009041204,0,42,interval
458940,20181009041204,20181009041204,0,42,interval
454742,20181009041204,20190202174450,116,144,interval
472124,20181009041204,20181009041204,0,42,interval
471099,20181009041204,20181009041204,0,42,interval
323326,20181009041204,20181120193012,42,54,interval
446812,20181009041204,20181009041204,0,42,interval
444672,20181009041204,20181009041204,0,42,interval
470681,20181009041204,20181009041204,0,42,interval
468038,20181009041204,20181120193012,42,54,interval
470789,20181009041204,20181009041204,0,42,interval
428416,20181009041204,20220810041228,1401,1522,interval
478991,20181009041204,20181009041204,0,42,interval
477756,20181009041204,20181009041204,0,42,interval
480111,20181009041204,20181009041204,0,42,interval
478320,20181009041204,20181009041204,0,42,interval
472650,20181009041204,20181009041204,0,42,interval
444235,20181009041204,20190202174450,116,144,interval
496236,20181120193012,20181202160427,11,46,interval
490532,20181120193012,20181120193012,0,11,interval
441914,20181120193012,20190804235801,257,285,interval
492018,20181120193012,20190401142537,131,164,interval
268701,20181120193012,20190302191238,101,131,interval
493203,20181120193012,20190804235801,257,285,interval
493044,20181120193012,20181120193012,0,11,interval
492579,20181120193012,20181120193012,0,11,interval
491054,20181120193012,20181120193012,0,11,interval
490747,20181120193012,20181120193012,0,11,interval
496016,20181120193012,20181120193012,0,11,interval
453780,20181120193012,20190302191238,101,131,interval
323608,20181120193012,20181120193012,0,11,interval
499217,20181120193012,20181120193012,0,11,interval
494600,20181120193012,20181120193012,0,11,interval
480023,20181120193012,20181120193012,0,11,interval
467943,20181120193012,20190302191238,101,131,interval
493027,20181120193012,20181120193012,0,11,interval
457342,20181202160427,20181202160427,0,35,interval
502783,20181202160427,20181202160427,0,35,interval
472656,20181202160427,20181202160427,0,35,interval
497038,20181202160427,20181202160427,0,35,interval
503495,20181202160427,20181202160427,0,35,interval
442244,20181202160427,20181202160427,0,35,interval
500965,20181202160427,20181202160427,0,35,interval
502203,20181202160427,20181202160427,0,35,interval
498977,20181202160427,20190302191238,90,119,interval
499039,20181202160427,20181202160427,0,35,interval
500477,20181202160427,20181202160427,0,35,interval
497242,20181202160427,20181202160427,0,35,interval
498749,20181202160427,20181202160427,0,35,interval
498174,20181202160427,20181202160427,0,35,interval
498405,20181202160427,20181202160427,0,35,interval
299565,20181202160427,20190302191238,90,119,interval
487362,20181202160427,20190702185657,212,245,interval
509931,20190106183346,20190106183346,0,26,interval
520961,20190106183346,20190106183346,0,26,interval
484264,20190106183346,20190302191238,55,84,interval
412263,20190106183346,20190106183346,0,26,interval
344413,20190106183346,20190106183346,0,26,interval
515120,20190106183346,20190106183346,0,26,interval
469771,20190106183346,20190106183346,0,26,interval
512129,20190106183346,20190106183346,0,26,interval
461626,20190106183346,20191104162049,301,332,interval
517070,20190106183346,20190702185657,177,210,interval
512386,20190106183346,20190106183346,0,26,interval
511664,20190106183346,20190106183346,0,26,interval
517064,20190106183346,20190106183346,0,26,interval
513520,20190106183346,20190106183346,0,26,interval
519759,20190106183346,20190106183346,0,26,interval
508902,20190106183346,20190601140725,145,177,interval
431163,20190106183346,20190202174450,26,55,interval
515402,20190106183346,20190106183346,0,26,interval
516409,20190106183346,20190106183346,0,26,interval
512133,20190106183346,20190106183346,0,26,interval
501431,20190106183346,20190202174450,26,55,interval
523284,20190202174450,20190202174450,0,28,interval
521064,20190202174450,20190202174450,0,28,interval
526500,20190202174450,20190202174450,0,28,interval
526618,20190202174450,20190202174450,0,28,interval
484175,20190202174450,20190202174450,0,28,interval
523616,20190202174450,20190202174450,0,28,interval
524461,20190202174450,20190202174450,0,28,interval
532445,20190202174450,20190202174450,0,28,interval
523106,20190202174450,20190601140725,118,150,interval
398205,20190202174450,20190302191238,28,57,interval
522159,20190202174450,20190202174450,0,28,interval
522753,20190202174450,20190601140725,118,150,interval
486658,20190202174450,20190202174450,0,28,interval
517729,20190202174450,20190202174450,0,28,interval
525441,20190202174450,20190702185657,150,183,interval
520252,20190202174450,20190202174450,0,28,interval
522456,20190202174450,20190202174450,0,28,interval
426741,20190202174450,20190702185657,150,183,interval
540191,20190302191238,20190302191238,0,29,interval
536633,20190302191238,20190302191238,0,29,interval
498052,20190302191238,20190302191238,0,29,interval
542783,20190302191238,20190302191238,0,29,interval
541035,20190302191238,20190504175924,62,90,interval
540692,20190302191238,20190302191238,0,29,interval
541163,20190302191238,20191204224816,277,308,interval
534505,20190302191238,20190302191238,0,29,interval
536957,20190302191238,20190302191238,0,29,interval
451006,20190302191238,20190401142537,29,62,interval
538253,20190302191238,20190302191238,0,29,interval
438395,20190302191238,20190302191238,0,29,interval
541760,20190302191238,20190302191238,0,29,interval
542439,20190302191238,20200301022400,364,399,interval
440281,20190302191238,20190504175924,62,90,interval
537230,20190302191238,20190302191238,0,29,interval
499940,20190302191238,20190401142537,29,62,interval
390719,20190302191238,20190702185657,121,155,interval
533484,20190302191238,20190302191238,0,29,interval
537713,20190302191238,20190302191238,0,29,interval
549781,20190401142537,20190401142537,0,33,interval
558405,20190401142537,20190504175924,33,60,interval
561919,20190401142537,20200201230817,306,334,interval
521978,20190401142537,20190601140725,60,92,interval
531344,20190401142537,20200201230817,306,334,interval
553932,20190401142537,20190401142537,0,33,interval
559474,20190401142537,20190401142537,0,33,interval
540194,20190401142537,20190401142537,0,33,interval
494085,20190401142537,20190401142537,0,33,interval
550680,20190401142537,20190401142537,0,33,interval
551763,20190401142537,20190401142537,0,33,interval
478901,20190401142537,20190504175924,33,60,interval
484612,20190401142537,20190601140725,60,92,interval
554197,20190401142537,20190401142537,0,33,interval
512224,20190401142537,20190401142537,0,33,interval
548400,20190401142537,20190804235801,125,153,interval
555938,20190401142537,20190601140725,60,92,interval
557399,20190401142537,20190401142537,0,33,interval
558116,20190401142537,20190504175924,33,60,interval
554813,20190401142537,20190401142537,0,33,interval
559593,20190401142537,20190504175924,33,60,interval
514895,20190401142537,20190504175924,33,60,interval
437731,20190401142537,20190702185657,92,125,interval
487355,20190504175924,20190702185657,59,92,interval
569954,20190504175924,20190504175924,0,27,interval
568786,20190504175924,20190504175924,0,27,interval
543558,20190504175924,20190504175924,0,27,interval
555181,20190504175924,20190504175924,0,27,interval
558426,20190504175924,20190702185657,59,92,interval
566774,20190504175924,20190504175924,0,27,interval
570746,20190504175924,20190902014642,120,155,interval
567323,20190504175924,20190504175924,0,27,interval
574879,20190504175924,20190504175924,0,27,interval
568753,20190504175924,20190504175924,0,27,interval
568122,20190504175924,20190504175924,0,27,interval
563036,20190504175924,20190504175924,0,27,interval
567133,20190504175924,20200104192057,245,273,interval
567239,20190504175924,20190504175924,0,27,interval
567150,20190504175924,20190504175924,0,27,interval
571724,20190504175924,20190504175924,0,27,interval
583540,20190601140725,20190601140725,0,31,interval
583450,20190601140725,20190702185657,31,64,interval
577176,20190601140725,20190601140725,0,31,interval
542796,20190601140725,20190702185657,31,64,interval
576144,20190601140725,20190601140725,0,31,interval
585354,20190601140725,20190702185657,31,64,interval
576129,20190601140725,20190601140725,0,31,interval
584807,20190601140725,20190601140725,0,31,interval
580793,20190601140725,20190601140725,0,31,interval
542324,20190601140725,20190601140725,0,31,interval
586564,20190601140725,20190601140725,0,31,interval
571847,20190601140725,20190601140725,0,31,interval
579434,20190601140725,20190601140725,0,31,interval
577791,20190601140725,20190601140725,0,31,interval
584463,20190601140725,20190601140725,0,31,interval
592634,20190702185657,20190702185657,0,33,interval
591317,20190702185657,20190702185657,0,33,interval
588785,20190702185657,20190902014642,61,96,interval
589866,20190702185657,20191204224816,155,186,interval
398001,20190702185657,20190702185657,0,33,interval
563542,20190702185657,20190902014642,61,96,interval
590167,20190702185657,20190702185657,0,33,interval
594654,20190702185657,20190702185657,0,33,interval
584753,20190702185657,20190804235801,33,61,interval
589840,20190702185657,20190702185657,0,33,interval
596452,20190702185657,20200201230817,214,242,interval
593601,20190702185657,20190702185657,0,33,interval
529729,20190702185657,20190702185657,0,33,interval
582069,20190702185657,20190804235801,33,61,interval
491577,20190702185657,20190702185657,0,33,interval
510704,20190702185657,20190702185657,0,33,interval
511454,20190702185657,20190702185657,0,33,interval
517942,20190702185657,20190702185657,0,33,interval
597467,20190702185657,20190804235801,33,61,interval
531563,20190702185657,20200605225618,339,430,interval
594859,20190702185657,20190702185657,0,33,interval
590838,20190702185657,20200201230817,214,242,interval
591837,20190702185657,20190702185657,0,33,interval
611907,20190804235801,20190804235801,0,28,interval
608769,20190804235801,20190804235801,0,28,interval
547800,20190804235801,20190804235801,0,28,interval
602800,20190804235801,20190804235801,0,28,interval
603653,20190804235801,20190804235801,0,28,interval
566161,20190804235801,20200301022400,209,244,interval
603012,20190804235801,20190804235801,0,28,interval
592294,20190804235801,20190804235801,0,28,interval
308235,20190804235801,20191104162049,91,121,interval
600078,20190804235801,20190804235801,0,28,interval
596862,20190804235801,20190902014642,28,63,interval
591361,20190804235801,20200405043136,244,271,interval
573161,20190804235801,20200104192057,152,180,interval
605171,20190804235801,20190804235801,0,28,interval
576083,20190804235801,20190804235801,0,28,interval
602960,20190804235801,20190804235801,0,28,interval
610859,20190804235801,20190804235801,0,28,interval
567742,20190804235801,20190804235801,0,28,interval
606961,20190804235801,20190804235801,0,28,interval
605771,20190804235801,20190804235801,0,28,interval
609203,20190804235801,20190804235801,0,28,interval
602604,20190804235801,20190804235801,0,28,interval
620137,20190902014642,20190902014642,0,35,interval
620441,20190902014642,20190902014642,0,35,interval
621538,20190902014642,20190902014642,0,35,interval
623242,20190902014642,20190902014642,0,35,interval
621545,20190902014642,20190902014642,0,35,interval
500123,20190902014642,20190902014642,0,35,interval
529243,20190902014642,20191007040048,35,63,interval
561185,20190902014642,20190902014642,0,35,interval
617810,20190902014642,20190902014642,0,35,interval
625844,20190902014642,20190902014642,0,35,interval
616658,20190902014642,20190902014642,0,35,interval
618465,20190902014642,20200502000355,242,277,interval
617583,20190902014642,20190902014642,0,35,interval
614648,20190902014642,20190902014642,0,35,interval
552387,20190902014642,20200301022400,181,216,interval
620970,20190902014642,20190902014642,0,35,interval
610634,20190902014642,20190902014642,0,35,interval
517283,20190902014642,20200301022400,181,216,interval
618435,20190902014642,20190902014642,0,35,interval
544194,20191007040048,20191007040048,0,28,interval
633791,20191007040048,20200201230817,117,145,interval
630041,20191007040048,20220117182654,833,1038,interval
560856,20191007040048,20200104192057,89,117,interval
631646,20191007040048,20191007040048,0,28,interval
623661,20191007040048,20200104192057,89,117,interval
569437,20191007040048,20191007040048,0,28,interval
631587,20191007040048,20191007040048,0,28,interval
631802,20191007040048,20191007040048,0,28,interval
635244,20191007040048,20191007040048,0,28,interval
613459,20191007040048,20200104192057,89,117,interval
628477,20191007040048,20191007040048,0,28,interval
630224,20191007040048,20191007040048,0,28,interval
523710,20191007040048,20191007040048,0,28,interval
629608,20191007040048,20191007040048,0,28,interval
632325,20191007040048,20191007040048,0,28,interval
586129,20191007040048,20200104192057,89,117,interval
598779,20191007040048,20191007040048,0,28,interval
621841,20191007040048,20200301022400,145,181,interval
626683,20191007040048,20200301022400,145,181,interval
633485,20191007040048,20191007040048,0,28,interval
631806,20191007040048,20210903081541,697,727,interval
620627,20191007040048,20191204224816,58,89,interval
616113,20191007040048,20191007040048,0,28,interval
630714,20191007040048,20191007040048,0,28,interval
525131,20191007040048,20200201230817,117,145,interval
519067,20191104162049,20200201230817,89,117,interval
652854,20191104162049,20191104162049,0,30,interval
642630,20191104162049,20191104162049,0,30,interval
650512,20191104162049,20191104162049,0,30,interval
636902,20191104162049,20191104162049,0,30,interval
645406,20191104162049,20191104162049,0,30,interval
642548,20191104162049,20200905053349,305,337,interval
645009,20191104162049,20191104162049,0,30,interval
608099,20191104162049,20191104162049,0,30,interval
652825,20191104162049,20191104162049,0,30,interval
650362,20191104162049,20191204224816,30,61,interval
643146,20191104162049,20191104162049,0,30,interval
648653,20191104162049,20191104162049,0,30,interval
642679,20191104162049,20200104192057,61,89,interval
622314,20191104162049,20191104162049,0,30,interval
643443,20191104162049,20191104162049,0,30,interval
658734,20191204224816,20191204224816,0,30,interval
658295,20191204224816,20191204224816,0,30,interval
328513,20191204224816,20191204224816,0,30,interval
566987,20191204224816,20191204224816,0,30,interval
639856,20191204224816,20191204224816,0,30,interval
658761,20191204224816,20191204224816,0,30,interval
662473,20191204224816,20191204224816,0,30,interval
650103,20191204224816,20191204224816,0,30,interval
667785,20191204224816,20191204224816,0,30,interval
657656,20191204224816,20191204224816,0,30,interval
659262,20191204224816,20200301022400,87,122,interval
658602,20191204224816,20191204224816,0,30,interval
666617,20191204224816,20191204224816,0,30,interval
495765,20191204224816,20200104192057,30,59,interval
658924,20191204224816,20191204224816,0,30,interval
656934,20191204224816,20200104192057,30,59,interval
662125,20191204224816,20191204224816,0,30,interval
656847,20191204224816,20191204224816,0,30,interval
666369,20200104192057,20200104192057,0,28,interval
671470,20200104192057,20200605225618,153,244,interval
673884,20200104192057,20200104192057,0,28,interval
665583,20200104192057,20200104192057,0,28,interval
665779,20200104192057,20200905053349,244,275,interval
676830,20200104192057,20200605225618,153,244,interval
655041,20200104192057,20200104192057,0,28,interval
670649,20200104192057,20200104192057,0,28,interval
655524,20200104192057,20200301022400,56,91,interval
666438,20200104192057,20200104192057,0,28,interval
667746,20200104192057,20200104192057,0,28,interval
672248,20200104192057,20200104192057,0,28,interval
668638,20200104192057,20200104192057,0,28,interval
664209,20200104192057,20200104192057,0,28,interval
616267,20200104192057,20200201230817,28,56,interval
670576,20200104192057,20200104192057,0,28,interval
676781,20200104192057,20200104192057,0,28,interval
653036,20200104192057,20220117182654,743,948,interval
685821,20200201230817,20200201230817,0,28,interval
680979,20200201230817,20200502000355,90,124,interval
684017,20200201230817,20200201230817,0,28,interval
655299,20200201230817,20200405043136,63,90,interval
650379,20200201230817,20200201230817,0,28,interval
683590,20200201230817,20200405043136,63,90,interval
689387,20200201230817,20200301022400,28,63,interval
688666,20200201230817,20200201230817,0,28,interval
686075,20200201230817,20200301022400,28,63,interval
615219,20200201230817,20200405043136,63,90,interval
681687,20200201230817,20200201230817,0,28,interval
680645,20200201230817,20200201230817,0,28,interval
684445,20200201230817,20200502000355,90,124,interval
590578,20200201230817,20200301022400,28,63,interval
654819,20200201230817,20220117182654,715,920,interval
681383,20200201230817,20200201230817,0,28,interval
655289,20200201230817,20200605225618,124,216,interval
680504,20200201230817,20200405043136,63,90,interval
703445,20200301022400,20200301022400,0,35,interval
671393,20200301022400,20200301022400,0,35,interval
693534,20200301022400,20200301022400,0,35,interval
705607,20200301022400,20200301022400,0,35,interval
652465,20200301022400,20201006183529,219,247,interval
695103,20200301022400,20200301022400,0,35,interval
698015,20200301022400,20200405043136,35,61,interval
702777,20200301022400,20200301022400,0,35,interval
699719,20200301022400,20200301022400,0,35,interval
699024,20200301022400,20200301022400,0,35,interval
688623,20200301022400,20200301022400,0,35,interval
697992,20200301022400,20200301022400,0,35,interval
690767,20200301022400,20200502000355,61,96,interval
698310,20200301022400,20200301022400,0,35,interval
694986,20200301022400,20200301022400,0,35,interval
609970,20200301022400,20200605225618,96,188,interval
696537,20200301022400,20200301022400,0,35,interval
703907,20200301022400,20200301022400,0,35,interval
696183,20200301022400,20200301022400,0,35,interval
678753,20200301022400,20200301022400,0,35,interval
663330,20200405043136,20200502000355,26,61,interval
681567,20200405043136,20200502000355,26,61,interval
709425,20200405043136,20200405043136,0,26,interval
671798,20200405043136,20200905053349,153,184,interval
675677,20200405043136,20200405043136,0,26,interval
692518,20200405043136,20200502000355,26,61,interval
682357,20200405043136,20200405043136,0,26,interval
719417,20200405043136,20200405043136,0,26,interval
710962,20200405043136,20200405043136,0,26,interval
712295,20200405043136,20210503154223,393,427,interval
617871,20200405043136,20200405043136,0,26,interval
715552,20200405043136,20200502000355,26,61,interval
709831,20200405043136,20200405043136,0,26,interval
709734,20200405043136,20200405043136,0,26,interval
662433,20200405043136,20210503154223,393,427,interval
719491,20200405043136,20200405043136,0,26,interval
704977,20200405043136,20200605225618,61,153,interval
719961,20200405043136,20200605225618,61,153,interval
714966,20200405043136,20200405043136,0,26,interval
717239,20200405043136,20200405043136,0,26,interval
710619,20200405043136,20200405043136,0,26,interval
732477,20200502000355,20200502000355,0,34,interval
733238,20200502000355,20200502000355,0,34,interval
729145,20200502000355,20200502000355,0,34,interval
644678,20200502000355,20200502000355,0,34,interval
733443,20200502000355,20200502000355,0,34,interval
729023,20200502000355,20200502000355,0,34,interval
733906,20200502000355,20200502000355,0,34,interval
686344,20200502000355,20200502000355,0,34,interval
669042,20200502000355,20200502000355,0,34,interval
650930,20200502000355,20200605225618,34,126,interval
714288,20200502000355,20200502000355,0,34,interval
732284,20200502000355,20200502000355,0,34,interval
676439,20200502000355,20200905053349,126,157,interval
722418,20200502000355,20200605225618,34,126,interval
739599,20200502000355,20200605225618,34,126,interval
729259,20200502000355,20200502000355,0,34,interval
724181,20200502000355,20200605225618,34,126,interval
743573,20200502000355,20200502000355,0,34,interval
726581,20200502000355,20200502000355,0,34,interval
743507,20200502000355,20200502000355,0,34,interval
751301,20200605225618,20200605225618,0,91,interval
737257,20200605225618,20200605225618,0,91,interval
722979,20200605225618,20200605225618,0,91,interval
754563,20200605225618,20200605225618,0,91,interval
722841,20200605225618,20200905053349,91,122,interval
700743,20200605225618,20200605225618,0,91,interval
644941,20200605225618,20210101053654,209,240,interval
756237,20200605225618,20200605225618,0,91,interval
758379,20200605225618,20200605225618,0,91,interval
725497,20200605225618,20200905053349,91,122,interval
707945,20200605225618,20200905053349,91,122,interval
753554,20200605225618,20200605225618,0,91,interval
660339,20200605225618,20200605225618,0,91,interval
674335,20200605225618,20200605225618,0,91,interval
747676,20200605225618,20200605225618,0,91,interval
725349,20200605225618,20200605225618,0,91,interval
750236,20200605225618,20200605225618,0,91,interval
753292,20200605225618,20200605225618,0,91,interval
726773,20200605225618,20200605225618,0,91,interval
748691,20200605225618,20200605225618,0,91,interval
746282,20200605225618,20200605225618,0,91,interval
756349,20200605225618,20200605225618,0,91,interval
749134,20200605225618,20200605225618,0,91,interval
715821,20200605225618,20200605225618,0,91,interval
759118,20200605225618,20200605225618,0,91,interval
723090,20200605225618,20200605225618,0,91,interval
753525,20200605225618,20200605225618,0,91,interval
757495,20200605225618,20200605225618,0,91,interval
591005,20200605225618,20200905053349,91,122,interval
732351,20200605225618,20200605225618,0,91,interval
784579,20200905053349,20201201231154,87,118,interval
790415,20200905053349,20201006183529,31,59,interval
790719,20200905053349,20220810041228,703,825,interval
813668,20200905053349,20210503154223,240,274,interval
808437,20200905053349,20200905053349,0,31,interval
818195,20200905053349,20200905053349,0,31,interval
739994,20200905053349,20200905053349,0,31,interval
636377,20200905053349,20200905053349,0,31,interval
735268,20200905053349,20200905053349,0,31,interval
766987,20200905053349,20210903081541,363,393,interval
799008,20200905053349,20210805054303,334,363,interval
639762,20200905053349,20201006183529,31,59,interval
776768,20200905053349,20210708012606,305,334,interval
722674,20200905053349,20201103202336,59,87,interval
806730,20200905053349,20200905053349,0,31,interval
772108,20200905053349,20200905053349,0,31,interval
809224,20200905053349,20200905053349,0,31,interval
802199,20200905053349,20220810041228,703,825,interval
745679,20200905053349,20210303111721,179,209,interval
806714,20200905053349,20200905053349,0,31,interval
820152,20200905053349,20200905053349,0,31,interval
814232,20200905053349,20200905053349,0,31,interval
786743,20200905053349,20200905053349,0,31,interval
810254,20200905053349,20200905053349,0,31,interval
436202,20200905053349,20210303111721,179,209,interval
765863,20200905053349,20200905053349,0,31,interval
810562,20200905053349,20210201223908,149,179,interval
805875,20200905053349,20200905053349,0,31,interval
808295,20200905053349,20200905053349,0,31,interval
810539,20200905053349,20200905053349,0,31,interval
661854,20200905053349,20210201223908,149,179,interval
768387,20200905053349,20201006183529,31,59,interval
737851,20200905053349,20201103202336,59,87,interval
829814,20201006183529,20220810041228,672,793,interval
833581,20201006183529,20201006183529,0,28,interval
748835,20201006183529,20210101053654,86,118,interval
761001,20201006183529,20210201223908,118,147,interval
807199,20201006183529,20201103202336,28,56,interval
826817,20201006183529,20201006183529,0,28,interval
824353,20201006183529,20201006183529,0,28,interval
835622,20201006183529,20210201223908,118,147,interval
827279,20201006183529,20210101053654,86,118,interval
783427,20201006183529,20201006183529,0,28,interval
827793,20201006183529,20201006183529,0,28,interval
826214,20201006183529,20201006183529,0,28,interval
817731,20201006183529,20201103202336,28,56,interval
829594,20201006183529,20201006183529,0,28,interval
811921,20201006183529,20211004003235,362,467,interval
824807,20201006183529,20201006183529,0,28,interval
826185,20201006183529,20201006183529,0,28,interval
840512,20201006183529,20201006183529,0,28,interval
812501,20201103202336,20201103202336,0,28,interval
853057,20201103202336,20201103202336,0,28,interval
842635,20201103202336,20201103202336,0,28,interval
836881,20201103202336,20201103202336,0,28,interval
847506,20201103202336,20201103202336,0,28,interval
849167,20201103202336,20210503154223,180,214,interval
842657,20201103202336,20201103202336,0,28,interval
848869,20201103202336,20201103202336,0,28,interval
780203,20201103202336,20210201223908,90,119,interval
843416,20201103202336,20201103202336,0,28,interval
844818,20201103202336,20201103202336,0,28,interval
821715,20201103202336,20201103202336,0,28,interval
753298,20201103202336,20210606104821,214,246,interval
842417,20201103202336,20201103202336,0,28,interval
763526,20201103202336,20201103202336,0,28,interval
838568,20201103202336,20201103202336,0,28,interval
818261,20201103202336,20201103202336,0,28,interval
856395,20201103202336,20201103202336,0,28,interval
845123,20201103202336,20201103202336,0,28,interval
841849,20201103202336,20201103202336,0,28,interval
851627,20201103202336,20201103202336,0,28,interval
841363,20201103202336,20201201231154,28,58,interval
858963,20201201231154,20201201231154,0,30,interval
784839,20201201231154,20210402234717,122,152,interval
865141,20201201231154,20201201231154,0,30,interval
834949,20201201231154,20201201231154,0,30,interval
803388,20201201231154,20210303111721,91,122,interval
737855,20201201231154,20201201231154,0,30,interval
867728,20201201231154,20210101053654,30,61,interval
872146,20201201231154,20210201223908,61,91,interval
863212,20201201231154,20211004003235,306,411,interval
861145,20201201231154,20201201231154,0,30,interval
862902,20201201231154,20210805054303,246,275,interval
874957,20201201231154,20210708012606,218,246,interval
859781,20201201231154,20201201231154,0,30,interval
868687,20201201231154,20201201231154,0,30,interval
833270,20201201231154,20210503154223,152,186,interval
867360,20201201231154,20201201231154,0,30,interval
863657,20201201231154,20201201231154,0,30,interval
882152,20210101053654,20210101053654,0,31,interval
882383,20210101053654,20210101053654,0,31,interval
857830,20210101053654,20210201223908,31,61,interval
882887,20210101053654,20210101053654,0,31,interval
808118,20210101053654,20210101053654,0,31,interval
881064,20210101053654,20210101053654,0,31,interval
880982,20210101053654,20210101053654,0,31,interval
888061,20210101053654,20210303111721,61,91,interval
886564,20210101053654,20210101053654,0,31,interval
857840,20210101053654,20210101053654,0,31,interval
885971,20210101053654,20210101053654,0,31,interval
822424,20210101053654,20210101053654,0,31,interval
883292,20210101053654,20210101053654,0,31,interval
737862,20210101053654,20211004003235,275,381,interval
779886,20210101053654,20210101053654,0,31,interval
886664,20210101053654,20210101053654,0,31,interval
881792,20210101053654,20210101053654,0,31,interval
886442,20210101053654,20210101053654,0,31,interval
842917,20210101053654,20210303111721,61,91,interval
862853,20210101053654,20210101053654,0,31,interval
882526,20210101053654,20210101053654,0,31,interval
912294,20210201223908,20210201223908,0,29,interval
903798,20210201223908,20210201223908,0,29,interval
907618,20210201223908,20210201223908,0,29,interval
901677,20210201223908,20210201223908,0,29,interval
875273,20210201223908,20210201223908,0,29,interval
834809,20210201223908,20210303111721,29,60,interval
903397,20210201223908,20210201223908,0,29,interval
912824,20210201223908,20210201223908,0,29,interval
911487,20210201223908,20210201223908,0,29,interval
905806,20210201223908,20210201223908,0,29,interval
902413,20210201223908,20210201223908,0,29,interval
870703,20210201223908,20210201223908,0,29,interval
887324,20210201223908,20210606104821,124,156,interval
906316,20210201223908,20210402234717,60,90,interval
900426,20210201223908,20210201223908,0,29,interval
916341,20210201223908,20210201223908,0,29,interval
923272,20210303111721,20210303111721,0,30,interval
827359,20210303111721,20210402234717,30,61,interval
926088,20210303111721,20210303111721,0,30,interval
928363,20210303111721,20210303111721,0,30,interval
939747,20210303111721,20220810041228,524,646,interval
921976,20210303111721,20210303111721,0,30,interval
927811,20210303111721,20210303111721,0,30,interval
908905,20210303111721,20210708012606,126,154,interval
926780,20210303111721,20210503154223,61,94,interval
937595,20210303111721,20210303111721,0,30,interval
930690,20210303111721,20210303111721,0,30,interval
873700,20210303111721,20210402234717,30,61,interval
813159,20210303111721,20210303111721,0,30,interval
926097,20210303111721,20210303111721,0,30,interval
921085,20210303111721,20210303111721,0,30,interval
926042,20210303111721,20210303111721,0,30,interval
886704,20210303111721,20210303111721,0,30,interval
923227,20210303111721,20210303111721,0,30,interval
926223,20210303111721,20210303111721,0,30,interval
953897,20210402234717,20210402234717,0,30,interval
968123,20210402234717,20210402234717,0,30,interval
825946,20210402234717,20210402234717,0,30,interval
832511,20210402234717,20210503154223,30,64,interval
952944,20210402234717,20210402234717,0,30,interval
960972,20210402234717,20211004003235,184,289,interval
964740,20210402234717,20210402234717,0,30,interval
945788,20210402234717,20210606104821,64,96,interval
962491,20210402234717,20210708012606,96,124,interval
943380,20210402234717,20211004003235,184,289,interval
910204,20210402234717,20210402234717,0,30,interval
949373,20210402234717,20210903081541,153,184,interval
960040,20210402234717,20210402234717,0,30,interval
959318,20210402234717,20210402234717,0,30,interval
883603,20210402234717,20210708012606,96,124,interval
949740,20210402234717,20210402234717,0,30,interval
952955,20210402234717,20210402234717,0,30,interval
954736,20210402234717,20210606104821,64,96,interval
818272,20210402234717,20211004003235,184,289,interval
950455,20210402234717,20210402234717,0,30,interval
985804,20210503154223,20210503154223,0,33,interval
988810,20210503154223,20210503154223,0,33,interval
976824,20210503154223,20210503154223,0,33,interval
977324,20210503154223,20210503154223,0,33,interval
950082,20210503154223,20211004003235,153,259,interval
959373,20210503154223,20210503154223,0,33,interval
979607,20210503154223,20210606104821,33,65,interval
973088,20210503154223,20210503154223,0,33,interval
967563,20210503154223,20210606104821,33,65,interval
973061,20210503154223,20210503154223,0,33,interval
978226,20210503154223,20210503154223,0,33,interval
933188,20210503154223,20210503154223,0,33,interval
984966,20210503154223,20210503154223,0,33,interval
983635,20210503154223,20210503154223,0,33,interval
976963,20210503154223,20210503154223,0,33,interval
975496,20210503154223,20210503154223,0,33,interval
970229,20210503154223,20210503154223,0,33,interval
950327,20210606104821,20210606104821,0,31,interval
957277,20210606104821,20210606104821,0,31,interval
985946,20210606104821,20210606104821,0,31,interval
868817,20210606104821,20210606104821,0,31,interval
997913,20210606104821,20210606104821,0,31,interval
998406,20210606104821,20210606104821,0,31,interval
883698,20210606104821,20210606104821,0,31,interval
933610,20210606104821,20210606104821,0,31,interval
999907,20210606104821,20210606104821,0,31,interval
962035,20210606104821,20210606104821,0,31,interval
940684,20210606104821,20210606104821,0,31,interval
960759,20210606104821,20210708012606,31,59,interval
1001413,20210606104821,20210606104821,0,31,interval
962040,20210606104821,20210606104821,0,31,interval
995318,20210606104821,20210606104821,0,31,interval
946519,20210606104821,20210606104821,0,31,interval
1000375,20210606104821,20210606104821,0,31,interval
1004141,20210606104821,20210606104821,0,31,interval
1010969,20210606104821,20210606104821,0,31,interval
996098,20210606104821,20210606104821,0,31,interval
999529,20210606104821,20210606104821,0,31,interval
996085,20210606104821,20210606104821,0,31,interval
877256,20210606104821,20210606104821,0,31,interval
994053,20210606104821,20210606104821,0,31,interval
787041,20210606104821,20210606104821,0,31,interval
944440,20210606104821,20210606104821,0,31,interval
991819,20210606104821,20210708012606,31,59,interval
1044859,20210708012606,20210805054303,28,57,interval
1044879,20210708012606,20210708012606,0,28,interval
876479,20210708012606,20210805054303,28,57,interval
905420,20210708012606,20210708012606,0,28,interval
1041400,20210708012606,20210708012606,0,28,interval
1032695,20210708012606,20210708012606,0,28,interval
1041956,20210708012606,20210708012606,0,28,interval
1047558,20210708012606,20210708012606,0,28,interval
971287,20210708012606,20211004003235,87,193,interval
811253,20210708012606,20210708012606,0,28,interval
959376,20210708012606,20210708012606,0,28,interval
824143,20210708012606,20210903081541,57,87,interval
1041148,20210708012606,20210708012606,0,28,interval
1046427,20210708012606,20210708012606,0,28,interval
1051758,20210708012606,20210708012606,0,28,interval
714125,20210708012606,20210708012606,0,28,interval
1035846,20210708012606,20210708012606,0,28,interval
945540,20210708012606,20210708012606,0,28,interval
959451,20210708012606,20220117182654,193,398,interval
1039527,20210708012606,20210708012606,0,28,interval
1044725,20210708012606,20210708012606,0,28,interval
1074431,20210805054303,20210805054303,0,29,interval
877394,20210805054303,20211004003235,59,165,interval
1090415,20210805054303,20210805054303,0,29,interval
1000734,20210805054303,20210805054303,0,29,interval
1085213,20210805054303,20210805054303,0,29,interval
1019066,20210805054303,20210903081541,29,59,interval
948936,20210805054303,20211004003235,59,165,interval
1097398,20210805054303,20210805054303,0,29,interval
1073131,20210805054303,20210805054303,0,29,interval
1079955,20210805054303,20210805054303,0,29,interval
999474,20210805054303,20211004003235,59,165,interval
1069767,20210805054303,20220117182654,165,369,interval
1073943,20210805054303,20211004003235,59,165,interval
1069458,20210805054303,20210805054303,0,29,interval
1096768,20210805054303,20210805054303,0,29,interval
1093751,20210805054303,20210805054303,0,29,interval
993507,20210805054303,20210805054303,0,29,interval
1014932,20210805054303,20210805054303,0,29,interval
1076020,20210805054303,20210805054303,0,29,interval
890367,20210805054303,20220810041228,369,491,interval
1127506,20210903081541,20211004003235,30,136,interval
921731,20210903081541,20210903081541,0,30,interval
1114423,20210903081541,20210903081541,0,30,interval
1119818,20210903081541,20210903081541,0,30,interval
1119157,20210903081541,20210903081541,0,30,interval
1099708,20210903081541,20210903081541,0,30,interval
824152,20210903081541,20211004003235,30,136,interval
1140950,20210903081541,20210903081541,0,30,interval
1107970,20210903081541,20210903081541,0,30,interval
1130163,20210903081541,20210903081541,0,30,interval
1154925,20210903081541,20210903081541,0,30,interval
1098108,20210903081541,20210903081541,0,30,interval
1134111,20210903081541,20210903081541,0,30,interval
1130428,20210903081541,20210903081541,0,30,interval
1122405,20210903081541,20211004003235,30,136,interval
1117174,20210903081541,20210903081541,0,30,interval
953945,20210903081541,20210903081541,0,30,interval
1141906,20210903081541,20210903081541,0,30,interval
1158160,20211004003235,20211004003235,0,105,interval
1156794,20211004003235,20211004003235,0,105,interval
951055,20211004003235,20211004003235,0,105,interval
1086650,20211004003235,20211004003235,0,105,interval
1073635,20211004003235,20211004003235,0,105,interval
1170635,20211004003235,20211004003235,0,105,interval
1192370,20211004003235,20211004003235,0,105,interval
1178036,20211004003235,20211004003235,0,105,interval
973925,20211004003235,20220117182654,105,310,interval
1167934,20211004003235,20211004003235,0,105,interval
1046056,20211004003235,20211004003235,0,105,interval
1188794,20211004003235,20211004003235,0,105,interval
951062,20211004003235,20230216160733,500,519,interval
1156105,20211004003235,20211004003235,0,105,interval
1179975,20211004003235,20211004003235,0,105,interval
1104426,20211004003235,20211004003235,0,105,interval
1178064,20211004003235,20211004003235,0,105,interval
1054611,20211004003235,20220117182654,105,310,interval
1174697,20211004003235,20211004003235,0,105,interval
1174886,20211004003235,20211004003235,0,105,interval
1345276,20220117182654,20220117182654,0,204,interval
1323080,20220117182654,20220117182654,0,204,interval
1251409,20220117182654,20220117182654,0,204,interval
1161033,20220117182654,20220117182654,0,204,interval
1309791,20220117182654,20220117182654,0,204,interval
1315639,20220117182654,20220117182654,0,204,interval
1236251,20220117182654,20220117182654,0,204,interval
1320934,20220117182654,20220117182654,0,204,interval
1133628,20220117182654,20220117182654,0,204,interval
1214100,20220117182654,20220810041228,204,325,interval
1289198,20220117182654,20220117182654,0,204,interval
1320538,20220117182654,20220117182654,0,204,interval
1115903,20220117182654,20220810041228,204,325,interval
1229268,20220117182654,20220117182654,0,204,interval
1327467,20220117182654,20220117182654,0,204,interval
1304098,20220117182654,20220117182654,0,204,interval
1228584,20220117182654,20220117182654,0,204,interval
1321808,20220117182654,20220117182654,0,204,interval
968868,20220117182654,20220117182654,0,204,interval
1323156,20220117182654,20220117182654,0,204,interval
1303042,20220117182654,20220117182654,0,204,interval
1256409,20220117182654,20220117182654,0,204,interval
1320208,20220117182654,20220117182654,0,204,interval
783756,20220117182654,20220117182654,0,204,interval
1338915,20220117182654,20220117182654,0,204,interval
1233614,20220117182654,20220117182654,0,204,interval
1324761,20220117182654,20220117182654,0,204,interval
1244789,20220117182654,20220117182654,0,204,interval
1328454,20220117182654,20220117182654,0,204,interval
1326475,20220117182654,20220117182654,0,204,interval
1291842,20220117182654,20220117182654,0,204,interval
1421773,20220810041228,20220810041228,0,121,interval
1526229,20220810041228,20220810041228,0,121,interval
1334830,20220810041228,20220810041228,0,121,interval
1613009,20220810041228,20220810041228,0,121,interval
1618772,20220810041228,20220810041228,0,121,interval
1408391,20220810041228,20220810041228,0,121,interval
1598419,20220810041228,20250302135202,935,965,interval
1507561,20220810041228,20220810041228,0,121,interval
762818,20220810041228,20220810041228,0,121,interval
1612096,20220810041228,20220810041228,0,121,interval
843451,20220810041228,20250302135202,935,965,interval
1559274,20220810041228,20220810041228,0,121,interval
1079507,20220810041228,20220810041228,0,121,interval
1557243,20220810041228,20220810041228,0,121,interval
1486477,20220810041228,20230307232656,209,393,interval
1431540,20220810041228,20220810041228,0,121,interval
1506203,20220810041228,20220810041228,0,121,interval
1629142,20220810041228,20220810041228,0,121,interval
1481291,20220810041228,20220810041228,0,121,interval
1395432,20220810041228,20230307232656,209,393,interval
1608180,20220810041228,20220810041228,0,121,interval
1640022,20220810041228,20220810041228,0,121,interval
1647481,20220810041228,20220810041228,0,121,interval
1334849,20220810041228,20240213095958,552,603,interval
1608556,20220810041228,20220810041228,0,121,interval
1608053,20220810041228,20220810041228,0,121,interval
798045,20220810041228,20220810041228,0,121,interval
1609987,20220810041228,20221209125144,121,190,interval
1368342,20220810041228,20240519102045,648,757,interval
1601400,20220810041228,20220810041228,0,121,interval
1607594,20220810041228,20220810041228,0,121,interval
1487129,20220810041228,20230307232656,209,393,interval
1612052,20220810041228,20220810041228,0,121,interval
1624974,20220810041228,20220810041228,0,121,interval
1766488,20221209125144,20230907145417,272,371,interval
1667915,20221209125144,20221209125144,0,69,interval
1778541,20221209125144,20221209125144,0,69,interval
1782366,20221209125144,20221209125144,0,69,interval
1552871,20221209125144,20221209125144,0,69,interval
1722527,20221209125144,20230307232656,88,272,interval
1506334,20221209125144,20221209125144,0,69,interval
1786051,20221209125144,20230307232656,88,272,interval
1722050,20221209125144,20240213095958,430,482,interval
1771522,20221209125144,20221209125144,0,69,interval
1659067,20221209125144,20230307232656,88,272,interval
1753246,20221209125144,20221209125144,0,69,interval
1342817,20221209125144,20230307232656,88,272,interval
1768998,20221209125144,20221209125144,0,69,interval
1771334,20221209125144,20221209125144,0,69,interval
871735,20221209125144,20230907145417,272,371,interval
1224709,20221209125144,20221209125144,0,69,interval
1771984,20221209125144,20221209125144,0,69,interval
1673465,20221209125144,20221209125144,0,69,interval
1774608,20221209125144,20221209125144,0,69,interval
1713478,20221209125144,20221209125144,0,69,interval
1778890,20221209125144,20221209125144,0,69,interval
726729,20221209125144,20230307232656,88,272,interval
1392089,20221209125144,20221209125144,0,69,interval
1589250,20221209125144,20221209125144,0,69,interval
1789433,20221209125144,20221209125144,0,69,interval
986876,20221209125144,20221209125144,0,69,interval
1160141,20221209125144,20221209125144,0,69,interval
1768121,20221209125144,20230307232656,88,272,interval
1712880,20221209125144,20230307232656,88,272,interval
1740589,20221209125144,20230307232656,88,272,interval
1774483,20221209125144,20221209125144,0,69,interval
1654540,20221209125144,20221209125144,0,69,interval
1839029,20230216160733,20230216160733,0,19,interval
1727869,20230216160733,20230216160733,0,19,interval
1818780,20230216160733,20230907145417,202,302,interval
1726461,20230216160733,20230307232656,19,202,interval
1855883,20230216160733,20230307232656,19,202,interval
1851612,20230216160733,20230216160733,0,19,interval
1833703,20230216160733,20230216160733,0,19,interval
1405177,20230216160733,20230216160733,0,19,interval
1619669,20230216160733,20230907145417,202,302,interval
1849479,20230216160733,20230216160733,0,19,interval
1827539,20230216160733,20230307232656,19,202,interval
1797246,20230216160733,20230216160733,0,19,interval
1802658,20230216160733,20230307232656,19,202,interval
1852397,20230216160733,20230216160733,0,19,interval
1843948,20230216160733,20230216160733,0,19,interval
1838874,20230216160733,20230216160733,0,19,interval
1290661,20230216160733,20230216160733,0,19,interval
1788678,20230216160733,20230307232656,19,202,interval
1722496,20230216160733,20230216160733,0,19,interval
1850323,20230216160733,20230216160733,0,19,interval
1833136,20230216160733,20230216160733,0,19,interval
1848083,20230216160733,20230216160733,0,19,interval
1844212,20230216160733,20230216160733,0,19,interval
1805959,20230216160733,20230216160733,0,19,interval
1837448,20230216160733,20230216160733,0,19,interval
1805222,20230216160733,20230216160733,0,19,interval
1725375,20230216160733,20230907145417,202,302,interval
1867837,20230307232656,20230307232656,0,183,interval
1873390,20230307232656,20230307232656,0,183,interval
1735923,20230307232656,20230307232656,0,183,interval
1856645,20230307232656,20230307232656,0,183,interval
1842815,20230307232656,20230307232656,0,183,interval
1438708,20230307232656,20230307232656,0,183,interval
1855684,20230307232656,20230307232656,0,183,interval
1712504,20230307232656,20230307232656,0,183,interval
1862259,20230307232656,20230307232656,0,183,interval
1857986,20230307232656,20230307232656,0,183,interval
1829142,20230307232656,20230307232656,0,183,interval
1856649,20230307232656,20230307232656,0,183,interval
1862446,20230307232656,20230307232656,0,183,interval
1861217,20230307232656,20230307232656,0,183,interval
1864807,20230307232656,20230307232656,0,183,interval
1857419,20230307232656,20230307232656,0,183,interval
2013518,20230907145417,20230907145417,0,99,interval
2057278,20230907145417,20230907145417,0,99,interval
2041826,20230907145417,20240405003439,210,254,interval
1612455,20230907145417,20231215201024,99,158,interval
2025396,20230907145417,20230907145417,0,99,interval
1825152,20230907145417,20230907145417,0,99,interval
2045209,20230907145417,20230907145417,0,99,interval
1588254,20230907145417,20250506132721,606,661,interval
2036926,20230907145417,20230907145417,0,99,interval
2024661,20230907145417,20230907145417,0,99,interval
1714902,20230907145417,20230907145417,0,99,interval
2028633,20230907145417,20230907145417,0,99,interval
1970378,20230907145417,20230907145417,0,99,interval
1806093,20230907145417,20230907145417,0,99,interval
1675372,20230907145417,20240213095958,158,210,interval
1636506,20230907145417,20231215201024,99,158,interval
1925864,20230907145417,20230907145417,0,99,interval
2043810,20230907145417,20230907145417,0,99,interval
2036044,20230907145417,20230907145417,0,99,interval
1985947,20230907145417,20241222132357,471,496,interval
1804318,20230907145417,20230907145417,0,99,interval
1984874,20230907145417,20230907145417,0,99,interval
2050563,20230907145417,20230907145417,0,99,interval
1800209,20230907145417,20231215201024,99,158,interval
1889903,20230907145417,20231215201024,99,158,interval
2049463,20230907145417,20230907145417,0,99,interval
2036128,20230907145417,20230907145417,0,99,interval
2055186,20230907145417,20230907145417,0,99,interval
2005836,20230907145417,20230907145417,0,99,interval
1877670,20230907145417,20231215201024,99,158,interval
2048407,20230907145417,20230907145417,0,99,interval
2052320,20230907145417,20240213095958,158,210,interval
1312512,20230907145417,20230907145417,0,99,interval
1975067,20230907145417,20240405003439,210,254,interval
1964558,20230907145417,20230907145417,0,99,interval
2039139,20230907145417,20230907145417,0,99,interval
2036886,20230907145417,20230907145417,0,99,interval
2018455,20230907145417,20250401075847,571,606,interval
2133635,20231215201024,20231215201024,0,59,interval
2134448,20231215201024,20231215201024,0,59,interval
2132591,20231215201024,20231215201024,0,59,interval
2095970,20231215201024,20231215201024,0,59,interval
2022090,20231215201024,20240519102045,155,264,interval
1882709,20231215201024,20250506132721,507,561,interval
1883342,20231215201024,20231215201024,0,59,interval
2068879,20231215201024,20231215201024,0,59,interval
2132816,20231215201024,20231215201024,0,59,interval
2129874,20231215201024,20231215201024,0,59,interval
2142504,20231215201024,20231215201024,0,59,interval
1924421,20231215201024,20231215201024,0,59,interval
1956522,20231215201024,20231215201024,0,59,interval
1818068,20231215201024,20240905184907,264,338,interval
2141360,20231215201024,20231215201024,0,59,interval
2151260,20231215201024,20231215201024,0,59,interval
991766,20231215201024,20240905184907,264,338,interval
2090303,20231215201024,20231215201024,0,59,interval
1958204,20231215201024,20231215201024,0,59,interval
2142599,20231215201024,20231215201024,0,59,interval
2068431,20231215201024,20240213095958,59,111,interval
2100898,20231215201024,20240519102045,155,264,interval
2127786,20231215201024,20240213095958,59,111,interval
1850001,20231215201024,20240519102045,155,264,interval
1945183,20231215201024,20231215201024,0,59,interval
2108709,20231215201024,20231215201024,0,59,interval
2132397,20231215201024,20231215201024,0,59,interval
2090898,20231215201024,20231215201024,0,59,interval
2130209,20231215201024,20231215201024,0,59,interval
2077659,20240213095958,20240405003439,51,96,interval
2076489,20240213095958,20240213095958,0,51,interval
2199034,20240213095958,20240213095958,0,51,interval
2166899,20240213095958,20240519102045,96,205,interval
2033350,20240213095958,20240213095958,0,51,interval
2192309,20240213095958,20240213095958,0,51,interval
2102219,20240213095958,20240213095958,0,51,interval
2164814,20240213095958,20240213095958,0,51,interval
1958415,20240213095958,20240213095958,0,51,interval
2141954,20240213095958,20240213095958,0,51,interval
2184030,20240213095958,20240213095958,0,51,interval
2087632,20240213095958,20240213095958,0,51,interval
2191852,20240213095958,20240213095958,0,51,interval
2095516,20240213095958,20250401075847,412,448,interval
1232864,20240213095958,20240519102045,96,205,interval
2184632,20240213095958,20240213095958,0,51,interval
2192877,20240213095958,20240213095958,0,51,interval
2190076,20240213095958,20240213095958,0,51,interval
2196891,20240213095958,20240213095958,0,51,interval
2184876,20240213095958,20240213095958,0,51,interval
2192768,20240213095958,20240213095958,0,51,interval
2197632,20240213095958,20240213095958,0,51,interval
1729929,20240213095958,20240405003439,51,96,interval
2190390,20240213095958,20240213095958,0,51,interval
1885783,20240213095958,20240405003439,51,96,interval
2203189,20240405003439,20240405003439,0,44,interval
2148081,20240405003439,20240405003439,0,44,interval
2212781,20240405003439,20240519102045,44,153,interval
2209850,20240405003439,20240405003439,0,44,interval
2214352,20240405003439,20240905184907,153,227,interval
2208248,20240405003439,20240405003439,0,44,interval
2215104,20240405003439,20240405003439,0,44,interval
2035692,20240405003439,20240519102045,44,153,interval
2209109,20240405003439,20240405003439,0,44,interval
2193727,20240405003439,20240519102045,44,153,interval
2211092,20240405003439,20240405003439,0,44,interval
2210317,20240405003439,20240405003439,0,44,interval
2208094,20240405003439,20240405003439,0,44,interval
2213522,20240405003439,20240519102045,44,153,interval
1302291,20240405003439,20240519102045,44,153,interval
2159254,20240405003439,20240405003439,0,44,interval
2209885,20240405003439,20240405003439,0,44,interval
1772361,20240405003439,20240519102045,44,153,interval
2186705,20240405003439,20240405003439,0,44,interval
1379486,20240405003439,20240405003439,0,44,interval
2204590,20240405003439,20240519102045,44,153,interval
2207888,20240405003439,20240405003439,0,44,interval
2162380,20240405003439,20240405003439,0,44,interval
2223723,20240519102045,20240519102045,0,109,interval
1978169,20240519102045,20240519102045,0,109,interval
2195619,20240519102045,20240519102045,0,109,interval
2222481,20240519102045,20240519102045,0,109,interval
2036953,20240519102045,20240519102045,0,109,interval
2204998,20240519102045,20260701155715,773,,censored
2221590,20240519102045,20240519102045,0,109,interval
2223418,20240519102045,20240519102045,0,109,interval
2225523,20240519102045,20240519102045,0,109,interval
2223549,20240519102045,20240519102045,0,109,interval
2223922,20240519102045,20240519102045,0,109,interval
2167293,20240519102045,20250302135202,287,316,interval
2223770,20240519102045,20240519102045,0,109,interval
2214605,20240519102045,20240519102045,0,109,interval
2224540,20240519102045,20240519102045,0,109,interval
2221865,20240519102045,20240519102045,0,109,interval
2225122,20240519102045,20240519102045,0,109,interval
2222608,20240519102045,20240519102045,0,109,interval
2251198,20240905184907,20240905184907,0,73,interval
2248642,20240905184907,20240905184907,0,73,interval
2249501,20240905184907,20240905184907,0,73,interval
2248947,20240905184907,20240905184907,0,73,interval
2049326,20240905184907,20260602010730,634,663,interval
2230531,20240905184907,20241118172120,73,107,interval
2251707,20240905184907,20240905184907,0,73,interval
2021129,20240905184907,20260201045413,513,541,interval
2215216,20240905184907,20250506132721,242,296,interval
2202987,20240905184907,20250302135202,177,207,interval
2252834,20240905184907,20240905184907,0,73,interval
2249418,20240905184907,20251001172331,390,422,interval
2243952,20240905184907,20240905184907,0,73,interval
2249531,20240905184907,20240905184907,0,73,interval
1368784,20240905184907,20250115212655,132,154,interval
2241000,20240905184907,20240905184907,0,73,interval
2249903,20240905184907,20240905184907,0,73,interval
2244180,20240905184907,20240905184907,0,73,interval
2249875,20240905184907,20240905184907,0,73,interval
2154901,20240905184907,20240905184907,0,73,interval
2241595,20240905184907,20240905184907,0,73,interval
2199508,20240905184907,20250302135202,177,207,interval
2197855,20240905184907,20240905184907,0,73,interval
2248901,20240905184907,20240905184907,0,73,interval
2203395,20240905184907,20240905184907,0,73,interval
2251320,20240905184907,20240905184907,0,73,interval
2139998,20240905184907,20240905184907,0,73,interval
2248460,20240905184907,20240905184907,0,73,interval
1500355,20240905184907,20250506132721,242,296,interval
2240939,20240905184907,20240905184907,0,73,interval
2245474,20241118172120,20250207152014,80,103,interval
1815102,20241118172120,20241118172120,0,33,interval
2265219,20241118172120,20241118172120,0,33,interval
2255246,20241118172120,20241118172120,0,33,interval
2262642,20241118172120,20260701155715,589,,censored
2262660,20241118172120,20250401075847,133,168,interval
1676020,20241118172120,20250726003342,249,262,interval
2266149,20241118172120,20241118172120,0,33,interval
2238363,20241118172120,20241118172120,0,33,interval
2267212,20241118172120,20241118172120,0,33,interval
2266437,20241118172120,20241118172120,0,33,interval
2269140,20241118172120,20241118172120,0,33,interval
2267837,20241118172120,20241118172120,0,33,interval
2258046,20241118172120,20241118172120,0,33,interval
2266798,20241118172120,20241118172120,0,33,interval
1988269,20241118172120,20260701155715,589,,censored
2266494,20241118172120,20241118172120,0,33,interval
2086138,20241118172120,20250401075847,133,168,interval
2260148,20241118172120,20250506132721,168,222,interval
2266939,20241118172120,20260101050858,408,439,interval
2269086,20241118172120,20241118172120,0,33,interval
2269570,20241118172120,20241118172120,0,33,interval
1911841,20241118172120,20250302135202,103,133,interval
2270075,20241118172120,20241118172120,0,33,interval
910374,20241222132357,20250401075847,99,135,interval
2271402,20241222132357,20260701155715,556,,censored
1175589,20241222132357,20250115212655,24,47,interval
2274531,20241222132357,20241222132357,0,24,interval
2272347,20241222132357,20241222132357,0,24,interval
2272228,20241222132357,20241222132357,0,24,interval
987229,20241222132357,20241222132357,0,24,interval
2272467,20241222132357,20241222132357,0,24,interval
2272822,20241222132357,20241222132357,0,24,interval
2272654,20241222132357,20250401075847,99,135,interval
2272386,20241222132357,20241222132357,0,24,interval
2239068,20241222132357,20241222132357,0,24,interval
2272417,20241222132357,20241222132357,0,24,interval
2274771,20241222132357,20241222132357,0,24,interval
1245170,20241222132357,20250302135202,70,99,interval
2235152,20241222132357,20250302135202,70,99,interval
2272814,20241222132357,20241222132357,0,24,interval
2274145,20241222132357,20241222132357,0,24,interval
2272124,20241222132357,20250115212655,24,47,interval
2256322,20241222132357,20241222132357,0,24,interval
2245244,20241222132357,20241222132357,0,24,interval
2262450,20241222132357,20250115212655,24,47,interval
2261333,20241222132357,20241222132357,0,24,interval
2280267,20250115212655,20250115212655,0,22,interval
2277583,20250115212655,20250115212655,0,22,interval
2278370,20250115212655,20250629163614,164,191,interval
2279235,20250115212655,20250401075847,75,110,interval
2269070,20250115212655,20250207152014,22,45,interval
2278978,20250115212655,20250115212655,0,22,interval
2024115,20250115212655,20250115212655,0,22,interval
2278433,20250115212655,20250115212655,0,22,interval
2278534,20250115212655,20250115212655,0,22,interval
2281554,20250115212655,20250302135202,45,75,interval
2280750,20250115212655,20250115212655,0,22,interval
2278229,20250115212655,20250115212655,0,22,interval
2258788,20250115212655,20250115212655,0,22,interval
2279108,20250115212655,20250401075847,75,110,interval
2278169,20250115212655,20250115212655,0,22,interval
2278377,20250115212655,20250115212655,0,22,interval
2284156,20250207152014,20250207152014,0,22,interval
2282843,20250207152014,20250207152014,0,22,interval
2259920,20250207152014,20250207152014,0,22,interval
2283407,20250207152014,20250207152014,0,22,interval
2282066,20250207152014,20250506132721,87,142,interval
2194236,20250207152014,20260101050858,327,358,interval
2283317,20250207152014,20250207152014,0,22,interval
2282562,20250207152014,20250207152014,0,22,interval
2282804,20250207152014,20250207152014,0,22,interval
2222743,20250207152014,20260701155715,509,,censored
2255584,20250207152014,20250302135202,22,52,interval
2282197,20250207152014,20250207152014,0,22,interval
2282966,20250207152014,20250207152014,0,22,interval
2284627,20250207152014,20250207152014,0,22,interval
2284248,20250207152014,20250207152014,0,22,interval
2287736,20250302135202,20250302135202,0,29,interval
2289734,20250302135202,20250302135202,0,29,interval
2286517,20250302135202,20250302135202,0,29,interval
2285682,20250302135202,20250302135202,0,29,interval
2291274,20250302135202,20250904155852,186,213,interval
2288192,20250302135202,20250302135202,0,29,interval
2290116,20250302135202,20250302135202,0,29,interval
2286233,20250302135202,20250302135202,0,29,interval
2286462,20250302135202,20250302135202,0,29,interval
2289825,20250302135202,20250302135202,0,29,interval
2287291,20250302135202,20250302135202,0,29,interval
2272823,20250302135202,20250401075847,29,64,interval
2288735,20250302135202,20250302135202,0,29,interval
2266372,20250401075847,20250401075847,0,35,interval
2294013,20250401075847,20250401075847,0,35,interval
2295977,20250401075847,20250401075847,0,35,interval
1560883,20250401075847,20260602010730,426,456,interval
2294177,20250401075847,20250401075847,0,35,interval
2296414,20250401075847,20250401075847,0,35,interval
2279113,20250401075847,20250401075847,0,35,interval
2297673,20250401075847,20250401075847,0,35,interval
2293431,20250401075847,20250401075847,0,35,interval
2281493,20250401075847,20250401075847,0,35,interval
2294443,20250401075847,20250401075847,0,35,interval
2181993,20250401075847,20250904155852,156,183,interval
2295009,20250401075847,20250401075847,0,35,interval
1059619,20250401075847,20260401001815,364,395,interval
2278236,20250401075847,20250401075847,0,35,interval
2256042,20250401075847,20250904155852,156,183,interval
2256046,20250401075847,20250904155852,156,183,interval
2293576,20250401075847,20250401075847,0,35,interval
2293434,20250401075847,20250401075847,0,35,interval
884935,20250401075847,20260401001815,364,395,interval
2294733,20250401075847,20250401075847,0,35,interval
2282659,20250401075847,20250401075847,0,35,interval
2254973,20250401075847,20250401075847,0,35,interval
2297908,20250401075847,20250401075847,0,35,interval
1755063,20250401075847,20260101050858,274,305,interval
2276015,20250401075847,20250401075847,0,35,interval
2279546,20250401075847,20250401075847,0,35,interval
2191769,20250506132721,20250506132721,0,54,interval
2304138,20250506132721,20250506132721,0,54,interval
2250500,20250506132721,20260101050858,239,270,interval
2206840,20250506132721,20250904155852,121,148,interval
2304061,20250506132721,20251102042745,179,208,interval
2304306,20250506132721,20260101050858,239,270,interval
2302217,20250506132721,20250506132721,0,54,interval
2289565,20250506132721,20250506132721,0,54,interval
2303132,20250506132721,20250506132721,0,54,interval
2302159,20250506132721,20250506132721,0,54,interval
2303057,20250506132721,20250506132721,0,54,interval
2286476,20250506132721,20250506132721,0,54,interval
2284676,20250506132721,20260301042638,298,329,interval
2263294,20250506132721,20250726003342,80,93,interval
2302419,20250506132721,20250506132721,0,54,interval
2303631,20250506132721,20260201045413,270,298,interval
2293863,20250506132721,20250506132721,0,54,interval
1521998,20250506132721,20260701155715,421,,censored
2304847,20250506132721,20260701155715,421,,censored
2296501,20250506132721,20250506132721,0,54,interval
2084890,20250506132721,20250904155852,121,148,interval
2303729,20250506132721,20250506132721,0,54,interval
2299472,20250506132721,20250629163614,54,80,interval
2305453,20250506132721,20250506132721,0,54,interval
2199057,20250506132721,20260201045413,270,298,interval
2313942,20250629163614,20250629163614,0,26,interval
2314350,20250629163614,20250629163614,0,26,interval
2309635,20250629163614,20251001172331,94,125,interval
2313989,20250629163614,20250629163614,0,26,interval
2270478,20250629163614,20250629163614,0,26,interval
2315754,20250629163614,20250629163614,0,26,interval
2304764,20250629163614,20250629163614,0,26,interval
2317284,20250629163614,20250629163614,0,26,interval
2291344,20250629163614,20251201020448,154,185,interval
2310820,20250629163614,20250629163614,0,26,interval
2315484,20250629163614,20250629163614,0,26,interval
2311102,20250629163614,20250629163614,0,26,interval
2311789,20250629163614,20250629163614,0,26,interval
2313751,20250629163614,20251001172331,94,125,interval
2311779,20250629163614,20250629163614,0,26,interval
2312737,20250629163614,20250629163614,0,26,interval
2312000,20250629163614,20250629163614,0,26,interval
2312082,20250629163614,20250629163614,0,26,interval
2250716,20250629163614,20250726003342,26,39,interval
2242301,20250726003342,20250807180659,12,40,interval
2292004,20250726003342,20250726003342,0,12,interval
2317595,20250726003342,20251001172331,67,99,interval
2270349,20250726003342,20251102042745,99,128,interval
2261067,20250726003342,20250726003342,0,12,interval
2319630,20250726003342,20250726003342,0,12,interval
2319011,20250726003342,20250726003342,0,12,interval
2302267,20250726003342,20250726003342,0,12,interval
2320275,20250726003342,20251201020448,128,159,interval
2308787,20250726003342,20251001172331,67,99,interval
2317912,20250726003342,20250726003342,0,12,interval
2293931,20250726003342,20250726003342,0,12,interval
2318608,20250726003342,20250726003342,0,12,interval
2320070,20250726003342,20250807180659,12,40,interval
2270168,20250726003342,20260301042638,218,248,interval
2321170,20250726003342,20250726003342,0,12,interval
2317180,20250726003342,20250726003342,0,12,interval
2318480,20250726003342,20250726003342,0,12,interval
2318071,20250726003342,20250726003342,0,12,interval
2319339,20250726003342,20250807180659,12,40,interval
2322075,20250807180659,20250807180659,0,27,interval
2324422,20250807180659,20250807180659,0,27,interval
2280390,20250807180659,20251102042745,86,115,interval
2320019,20250807180659,20250807180659,0,27,interval
2322468,20250807180659,20250807180659,0,27,interval
2319969,20250807180659,20250807180659,0,27,interval
2323513,20250807180659,20250904155852,27,54,interval
2319839,20250807180659,20250807180659,0,27,interval
2307157,20250807180659,20250904155852,27,54,interval
2320339,20250807180659,20250807180659,0,27,interval
2323165,20250807180659,20250807180659,0,27,interval
2245675,20250807180659,20260301042638,205,236,interval
2322134,20250807180659,20250807180659,0,27,interval
2324736,20250904155852,20250904155852,0,27,interval
2325418,20250904155852,20250904155852,0,27,interval
2326263,20250904155852,20260501173452,239,270,interval
2303640,20250904155852,20250904155852,0,27,interval
2280568,20250904155852,20250904155852,0,27,interval
2324707,20250904155852,20250904155852,0,27,interval
2325014,20250904155852,20250904155852,0,27,interval
2328041,20250904155852,20250904155852,0,27,interval
2325635,20250904155852,20250904155852,0,27,interval
2325779,20250904155852,20250904155852,0,27,interval
2324692,20250904155852,20250904155852,0,27,interval
2300694,20250904155852,20260701155715,299,,censored
2324987,20250904155852,20250904155852,0,27,interval
2324578,20250904155852,20250904155852,0,27,interval
2248087,20250904155852,20260301042638,177,208,interval
2280569,20250904155852,20260701155715,299,,censored
2304997,20250904155852,20251001172331,27,58,interval
2322371,20250904155852,20250904155852,0,27,interval
2324548,20250904155852,20250904155852,0,27,interval
2330470,20251001172331,20251001172331,0,31,interval
2330026,20251001172331,20251001172331,0,31,interval
2330297,20251001172331,20251001172331,0,31,interval
2329926,20251001172331,20251001172331,0,31,interval
2265877,20251001172331,20260701155715,272,,censored
2302164,20251001172331,20260101050858,91,122,interval
2324259,20251001172331,20251001172331,0,31,interval
2218544,20251001172331,20251102042745,31,60,interval
2257028,20251001172331,20260401001815,181,212,interval
2288739,20251001172331,20251102042745,31,60,interval
2330429,20251001172331,20251001172331,0,31,interval
2330300,20251001172331,20251001172331,0,31,interval
2329710,20251001172331,20251001172331,0,31,interval
2332462,20251001172331,20251201020448,60,91,interval
2310685,20251001172331,20251102042745,31,60,interval
2329921,20251001172331,20251001172331,0,31,interval
2231030,20251001172331,20260701155715,272,,censored
2331789,20251001172331,20251001172331,0,31,interval
2322109,20251001172331,20251001172331,0,31,interval
2329947,20251001172331,20251001172331,0,31,interval
2329641,20251001172331,20260501173452,212,243,interval
2234719,20251001172331,20251001172331,0,31,interval
2302162,20251001172331,20260602010730,243,272,interval
2334245,20251102042745,20251102042745,0,28,interval
2335084,20251102042745,20260301042638,118,149,interval
2338678,20251102042745,20251102042745,0,28,interval
2336239,20251102042745,20251102042745,0,28,interval
2332750,20251102042745,20260101050858,60,91,interval
2337459,20251102042745,20260301042638,118,149,interval
2340282,20251102042745,20251102042745,0,28,interval
2335856,20251102042745,20251102042745,0,28,interval
2336816,20251102042745,20251102042745,0,28,interval
2336750,20251102042745,20251102042745,0,28,interval
2291219,20251102042745,20251102042745,0,28,interval
2338769,20251102042745,20260301042638,118,149,interval
2289063,20251102042745,20251102042745,0,28,interval
2297682,20251102042745,20251201020448,28,60,interval
2335284,20251102042745,20251102042745,0,28,interval
2334461,20251102042745,20251102042745,0,28,interval
2344914,20251201020448,20260301042638,90,120,interval
2343251,20251201020448,20260602010730,182,212,interval
2339594,20251201020448,20251201020448,0,31,interval
2307342,20251201020448,20260701155715,212,,censored
2340546,20251201020448,20251201020448,0,31,interval
2339416,20251201020448,20251201020448,0,31,interval
2342381,20251201020448,20251201020448,0,31,interval
2339441,20251201020448,20251201020448,0,31,interval
2342682,20251201020448,20251201020448,0,31,interval
2342551,20251201020448,20251201020448,0,31,interval
2341695,20251201020448,20251201020448,0,31,interval
2201705,20251201020448,20251201020448,0,31,interval
2340855,20251201020448,20251201020448,0,31,interval
2317345,20251201020448,20260301042638,90,120,interval
2339629,20251201020448,20251201020448,0,31,interval
2345382,20260101050858,20260101050858,0,30,interval
2344300,20260101050858,20260101050858,0,30,interval
2306794,20260101050858,20260101050858,0,30,interval
2345800,20260101050858,20260101050858,0,30,interval
2274561,20260101050858,20260101050858,0,30,interval
2346422,20260101050858,20260101050858,0,30,interval
2347509,20260101050858,20260101050858,0,30,interval
2344981,20260101050858,20260101050858,0,30,interval
2295896,20260101050858,20260101050858,0,30,interval
2345108,20260101050858,20260101050858,0,30,interval
2335155,20260101050858,20260101050858,0,30,interval
2332085,20260101050858,20260201045413,30,58,interval
2347041,20260101050858,20260101050858,0,30,interval
2312227,20260101050858,20260101050858,0,30,interval
2336814,20260101050858,20260201045413,30,58,interval
2309024,20260101050858,20260602010730,151,181,interval
2345182,20260101050858,20260101050858,0,30,interval
2346446,20260101050858,20260101050858,0,30,interval
2346153,20260101050858,20260101050858,0,30,interval
2322150,20260101050858,20260301042638,58,89,interval
2347042,20260101050858,20260101050858,0,30,interval
2351084,20260201045413,20260201045413,0,27,interval
2355365,20260201045413,20260401001815,58,89,interval
2352854,20260201045413,20260201045413,0,27,interval
2356441,20260201045413,20260501173452,89,120,interval
2339082,20260201045413,20260701155715,150,,censored
2326895,20260201045413,20260701155715,150,,censored
2353309,20260201045413,20260201045413,0,27,interval
2352324,20260201045413,20260201045413,0,27,interval
2333819,20260201045413,20260201045413,0,27,interval
2339222,20260201045413,20260201045413,0,27,interval
2330653,20260201045413,20260401001815,58,89,interval
2351157,20260201045413,20260201045413,0,27,interval
2353143,20260201045413,20260201045413,0,27,interval
2352523,20260201045413,20260201045413,0,27,interval
2351927,20260201045413,20260201045413,0,27,interval
2352638,20260201045413,20260201045413,0,27,interval
2352025,20260201045413,20260201045413,0,27,interval
2358662,20260301042638,20260301042638,0,30,interval
2327733,20260301042638,20260501173452,61,92,interval
2357715,20260301042638,20260301042638,0,30,interval
2356857,20260301042638,20260301042638,0,30,interval
2314142,20260301042638,20260401001815,30,61,interval
2340788,20260301042638,20260301042638,0,30,interval
2358859,20260301042638,20260301042638,0,30,interval
2325377,20260301042638,20260301042638,0,30,interval
2357453,20260301042638,20260301042638,0,30,interval
2334530,20260301042638,20260301042638,0,30,interval
2317146,20260301042638,20260301042638,0,30,interval
2358902,20260301042638,20260301042638,0,30,interval
2340140,20260301042638,20260701155715,122,,censored
2351061,20260301042638,20260701155715,122,,censored
2350090,20260301042638,20260301042638,0,30,interval
2356592,20260301042638,20260301042638,0,30,interval
2356528,20260301042638,20260301042638,0,30,interval
2337989,20260301042638,20260501173452,61,92,interval
2360068,20260301042638,20260301042638,0,30,interval
2353976,20260301042638,20260301042638,0,30,interval
2358141,20260301042638,20260301042638,0,30,interval
2325376,20260301042638,20260301042638,0,30,interval
2359033,20260301042638,20260301042638,0,30,interval
2331688,20260401001815,20260401001815,0,30,interval
2362201,20260401001815,20260701155715,91,,censored
2357267,20260401001815,20260501173452,30,62,interval
2362136,20260401001815,20260401001815,0,30,interval
2346510,20260401001815,20260701155715,91,,censored
2362297,20260401001815,20260401001815,0,30,interval
2320956,20260401001815,20260501173452,30,62,interval
2362458,20260401001815,20260401001815,0,30,interval
2354737,20260401001815,20260501173452,30,62,interval
2361967,20260401001815,20260401001815,0,30,interval
2361964,20260401001815,20260401001815,0,30,interval
2361942,20260401001815,20260401001815,0,30,interval
2362286,20260401001815,20260401001815,0,30,interval
2337490,20260401001815,20260701155715,91,,censored
2361936,20260401001815,20260401001815,0,30,interval
2349513,20260401001815,20260401001815,0,30,interval
2362085,20260401001815,20260401001815,0,30,interval
2362856,20260401001815,20260401001815,0,30,interval
2310230,20260401001815,20260701155715,91,,censored
2361784,20260401001815,20260401001815,0,30,interval
2367105,20260501173452,20260501173452,0,31,interval
2368908,20260501173452,20260501173452,0,31,interval
2319444,20260501173452,20260501173452,0,31,interval
2366376,20260501173452,20260602010730,31,60,interval
2367606,20260501173452,20260701155715,60,,censored
2351091,20260501173452,20260701155715,60,,censored
2364206,20260501173452,20260501173452,0,31,interval
2367354,20260501173452,20260501173452,0,31,interval
2335965,20260501173452,20260501173452,0,31,interval
2367549,20260501173452,20260501173452,0,31,interval
2367733,20260501173452,20260701155715,60,,censored
2350766,20260501173452,20260701155715,60,,censored
2360610,20260501173452,20260701155715,60,,censored
2367591,20260501173452,20260501173452,0,31,interval
2349913,20260501173452,20260602010730,31,60,interval
2366954,20260501173452,20260501173452,0,31,interval
2366548,20260501173452,20260701155715,60,,censored
2368058,20260501173452,20260501173452,0,31,interval
2368681,20260501173452,20260701155715,60,,censored
2367701,20260501173452,20260701155715,60,,censored
2370716,20260501173452,20260501173452,0,31,interval
2375343,20260602010730,20260701155715,29,,censored
2372229,20260602010730,20260602010730,0,29,interval
2372064,20260602010730,20260602010730,0,29,interval
2372937,20260602010730,20260602010730,0,29,interval
2359404,20260602010730,20260701155715,29,,censored
2372630,20260602010730,20260602010730,0,29,interval
2365584,20260602010730,20260701155715,29,,censored
2371777,20260602010730,20260602010730,0,29,interval
2337663,20260602010730,20260602010730,0,29,interval
2371329,20260602010730,20260602010730,0,29,interval
2329290,20260602010730,20260701155715,29,,censored
2373761,20260602010730,20260602010730,0,29,interval
2372528,20260602010730,20260602010730,0,29,interval
2372134,20260602010730,20260602010730,0,29,interval
2371780,20260602010730,20260602010730,0,29,interval
2372635,20260602010730,20260602010730,0,29,interval
2348158,20260602010730,20260701155715,29,,censored
2379208,20260701155715,20260701155715,0,,censored
2376049,20260701155715,20260701155715,0,,censored
2376231,20260701155715,20260701155715,0,,censored
2376856,20260701155715,20260701155715,0,,censored
2376950,20260701155715,20260701155715,0,,censored
2376654,20260701155715,20260701155715,0,,censored
2376393,20260701155715,20260701155715,0,,censored
2332746,20260701155715,20260701155715,0,,censored
2376983,20260701155715,20260701155715,0,,censored
2368526,20260701155715,20260701155715,0,,censored
2377661,20260701155715,20260701155715,0,,censored
2377042,20260701155715,20260701155715,0,,censored
2378209,20260701155715,20260701155715,0,,censored
2376794,20260701155715,20260701155715,0,,censored
2361280,20260701155715,20260701155715,0,,censored
2358523,20260701155715,20260701155715,0,,censored
